,,ACTL6B,RPS5,RAB26,APEX1,NTHL1,LIN7B,SLC17A7,FSD1,POLR2I,HES1,DLX2,ADCK1,TBX2,SLC35B1,TNFAIP6,SOX4,LAMP5,APOE,PDGFRA,DCTN3,SNX24,UTP20,CUX2,ZC3H3,RPL8,TOP2B,RAPGEFL1,FGF10,SDHA,ASCL1,EFL1,PYURF,NDUFS6,ZMAT2,HIGD2A,SLC1A2,ZNF385D,GRM1,FEZF2,AK9,SST,CELF3,NEUROD1,IWS1,NEUROD6,COL1A2,ZMAT4,C1QL3,CRABP1,TMEM145,RFX2,GPR22,UQCRFS1,HES4,ATOH8,MAT2A,CENPX,USP8,MORN4,AP1G2,NDUFA11,MRPS22,HRAS,POLD4,TMEM25,NDUFS8,EBF1,RNF4,DMAP1,ZSCAN26,MAGEF1,CYC1,IL15,RPL10A,EEA1,KCNH5,RPL7A,SOX2,CLVS1,TNNI3K,RIT2,KCNH8,SORCS2,B4GALNT4,HS3ST4,ZNF804B,PRELID2,LIN54,FOXN2,ANAPC1,NOXA1,DPY30,RBPJ,VCAN,RAB5IF,ZFYVE26,C8orf34,PTPRC,TBX3,FYB1,MITF,RHBDL1,POLR2K,MPG,MYO16,FKBP5,GAD1,SYN3,KCNIP4,RUNX2,HLA-DRB1,TOP1,SFMBT2,VIP,SH2D1B,SORCS3,COX7A2,OLFM3,FGGY,TAL1,SURF1,CDK9,FAM241B,RPRD1B,RTKN2,PTPN3,ID3,ZNF438,SDHB,APBB1IP,TLE4,MAD2L2,RORB,MOG,NKX2-2,PLXDC2,HES5,MRPS26,HMGN1,ADARB2,RCL1,DOCK8,OLIG1,OLIG2,DNAJC19,RGS12,AQP4,FILIP1L,GRIK1,TBR1,RFLNA,RNF208,ERCC2,ATP5MC3,PLPPR1,GRINA,FAM135B,ATP5F1D,LMO2,ID2,KIAA1217,RGS11,MED13,NPM2,EPHB1,PTCHD4,HSDL2,RPL3,ERBB4,PDZRN4,NFIA,METTL15,DPP10,DPF1,PVALB,CNOT2,SMYD1,LHFPL3,CFTR,NDUFAF8,EXOSC6,PDIA2,PARN,CKMT1B,SOX5,RPP21,PLCH1,CHRD,POLR2H,ABO,ZMYM4,SYNPR,EFCAB6,POR,DMAC1,RNF8,ANKRD7,NUP214,GTF2H4,ONECUT2,CORO6,SV2C,KCNN2,WDR41,GALNTL6,RPS3A,POU6F2,PINX1,DCSTAMP,NRG1,HSF4,KCNB2,RPS13,GRIK4,L3MBTL3,PHB2,THEMIS,SYT5,TIMM8B,APBA2,MEIS3,IRF9,KIAA0895L,RPS15A,NEIL1,COX5A,MAZ,LPO,CBLN2,CCDC68,TRIM28,ZNF358,RPL18A,NXPH1,LRMDA,FOXP1,SATB2,CDH4,FLT1,LMO3,CLDN5,PCDH15,SOX13,CNTN5,COL19A1,ATM,OR1L8,Blank-1,Blank-2,Blank-3,Blank-4,Blank-5,Blank-6,Blank-7,Blank-8,Blank-9,Blank-10,Blank-11,Blank-12,Blank-13,Blank-14,Blank-15,Blank-16,Blank-17,Blank-18,Blank-19,Blank-20,Blank-21,Blank-22,Blank-23,Blank-24,Blank-25,Blank-26,Blank-27,Blank-28,Blank-29,Blank-30,Blank-31,Blank-32,Blank-33,Blank-34,Blank-35,Blank-36,Blank-37,Blank-38
0,Topic1,-0.70603544,0.00984871,-0.5051878,0.19118695,-0.20101336,0.21771094,-1.4355434,0.0044377837,-1.3114209,-0.0029084235,0.24207854,-0.4787983,-0.74832064,-0.049274962,-0.9312133,2.3090768,-0.022862963,-1.8396091,0.3500771,-0.41314074,-0.13500243,-0.29505298,-0.013201488,-0.29428107,-1.9410625,-0.053138524,0.54982495,-1.1115217,0.017946173,-3.0548751,0.2929067,-0.42738503,-0.08891013,0.556181,0.17702287,-0.7554209,1.0890008,-0.025018645,-0.7123742,-0.59943175,-0.13068241,-0.0068021417,-0.026432144,-0.09666589,-0.84356827,-0.6445081,-2.359081,-0.0013804259,-3.7323906,-0.042794757,-0.31811893,-0.27608842,-0.49219385,-0.36757526,-1.7983422,1.2838076,-0.18491837,-1.0802169,0.20849347,-0.03294516,-0.3503769,-0.08342028,-0.06849308,-0.6695067,-0.00019177608,-0.13437167,-0.33400294,-0.020350954,0.051437795,-0.121890165,0.8676828,-0.04064985,-0.65250534,-0.07627216,-0.46284184,-0.055081308,-0.57865083,-0.05300366,0.08784419,0.7788178,-0.47624812,-0.3192832,0.08410888,0.00041070022,0.28059968,-0.2682218,-0.19309667,-0.16915067,-0.16284427,-0.48983043,-0.009667363,-0.4036573,-0.46925214,-0.13297352,0.106246114,0.0103779435,-0.36915275,-0.9638969,-0.3298447,-2.128696,-0.7524156,-0.637352,-0.38270324,0.5242949,-0.39564347,-0.9432798,0.018253688,-0.0029393137,0.09979342,-1.5241542,-0.7193737,1.7191553,0.18617743,-0.2492143,-0.88912076,-4.053787,-0.12440119,-0.45208323,-0.34665066,-0.20503905,-0.18046546,-0.0013240185,-0.06303149,-0.033822995,-0.10702255,0.10097189,-0.12393293,0.027114049,-0.18665116,-0.5542108,-1.668819,1.8046802,-1.9333627,-2.532513,-3.0162838,-2.5937316,0.40450698,-0.001938805,-0.1291825,-0.20677787,-0.65297943,-0.30700588,0.6756334,-1.7465754,0.0059975386,-0.045348994,-2.0501368,-0.6204647,-0.08271676,-2.030682,-0.42894515,-0.03428556,-0.6389337,-0.011747224,-0.4350333,-0.026550407,-0.09696599,-0.053440854,-0.1654489,-0.7938141,-0.15148343,-0.026539331,-0.034513243,0.8742615,1.346715,-1.0108212,-4.1598973,0.009591512,-0.07730086,-3.5484557,-0.18019547,0.9125823,-0.27502957,1.3713866,-0.2186658,0.27602363,-2.4380374,-0.49574962,-0.36230528,-0.44524404,0.16390675,-0.23643415,-0.10087761,-1.257987,-0.15140262,-0.073835395,-1.7187126,0.0020463075,-0.6055718,-3.54557,-0.03154481,-0.43041277,-0.36727998,-0.07344216,-0.32325637,-0.06839298,-0.67736423,1.3764198,-0.6191063,-0.091214724,-0.16609678,-2.410287,0.10316801,-1.8560159,1.2071838,1.0736101,-0.5206485,-0.2250252,-0.8114292,-1.3162183,-0.08247258,-0.020833846,0.16035931,-0.05090282,-0.16929248,-0.05787626,-3.7047124,-0.037164155,-0.4164827,-0.032394633,0.010567181,-1.6803675,-0.03092202,0.5483013,-0.1318011,-0.46123892,-0.91874444,-0.8457291,-0.91598207,-1.0522835,2.3198729,-0.09566313,-1.0302911,0.19041768,-1.4499866,-0.02034654,0.29839227,-0.4470696,-0.23041852,-0.025523975,-0.17289947,-1.0542239,-0.33893198,-0.34511518,0.24111563,-1.4076477,-0.66835254,-0.93789124,-1.1231914,-0.9700604,-0.97836727,-1.1318914,-0.2043628,0.1551714,-0.5136163,-1.7349057,-1.1760008,-0.29215044,-0.5478687,-1.0222789,-0.40415028,-0.17630658,-0.8406675,-1.3881148,-2.083169,-0.42851228,-1.056512,-0.38863125,-3.1992264,1.0149968,-0.7459398,-0.49191612,-1.2878611,-1.4356275,1.3087318,-0.09572613,-1.26053,-1.2382324,-0.9325036,-1.029213,-1.2754399,-1.1858304,-0.5499825,-0.26311553,1.0767734
0,Topic2,0.014024824,-0.06496979,-0.7467595,0.006971404,1.3547964,-0.061314985,0.79891133,2.3286903,-0.16927382,-0.45895743,-0.60911775,-0.60013604,-1.9537125,0.48360598,-1.4109181,-0.27567008,-0.53495324,-1.1151704,-2.6538005,0.96171945,2.2812338,-0.54981637,-0.061803117,0.17110263,-0.012650118,-0.19225553,-1.2731553,-0.3623137,2.535893,1.028071,-1.871346,-2.0914648,1.021886,-1.3385769,-0.9188706,-0.36318526,-1.2681733,-2.40849,-0.62095696,-0.504816,-3.7967422,-2.0313601,-3.5934644,-1.225129,1.5438662,-4.1558647,0.70629716,0.1596132,-0.60345995,-0.64997786,-3.06619,-2.5667229,0.17819619,-0.28325886,-2.2690449,-0.007978874,2.5615785,-0.0020770282,-0.008176573,-1.1640271,-0.0927571,-0.34326905,1.9696903,-0.62099016,2.0363605,0.5398261,-1.6458079,2.9109442,-2.391879,-0.29105955,-0.045118682,2.3762982,-0.5389745,-0.9706467,0.071911454,1.9798033,-0.05469566,-1.3352387,-2.5272136,-0.63056576,2.6439233,-0.78246564,-1.5657403,-1.062737,-1.0469947,-3.7174046,-1.1355755,-1.5361613,-4.24244,0.25185412,-1.7631483,-0.3065258,-1.8563325,-1.8661759,-0.0077485032,-0.91118675,-0.3619067,-1.1086539,-3.730708,-0.43463314,-0.86705405,-0.03131068,-0.36531904,-0.33805183,-0.08544409,-2.8658652,-2.0217118,-0.882179,-2.6395485,0.47862327,-0.77782476,-0.038257472,-0.24655452,-3.7171988,-0.96022016,0.82027596,-0.54488647,-0.055486463,-0.6630042,-1.9875062,-0.16234316,-1.6384836,1.6733239,-0.10831469,-0.1664227,-0.11046373,-1.9475436,-0.2175885,0.14139096,-0.4145322,-0.887344,-3.1886518,-0.020198232,0.28214312,-0.36425537,-0.4796165,-1.7097322,0.095964685,-0.8486278,-3.2545817,-0.46815193,-1.8043343,-0.17143227,-0.22567973,-2.5792944,-2.34038,-1.6372591,1.2820779,-4.235291,-0.038889892,-2.3233821,1.1529827,-0.14819999,1.1883345,-2.8448646,2.2549233,1.1873646,1.9521121,-0.5802173,-0.84096944,-2.0303774,0.108486414,-2.5934033,-0.1436325,-1.4686295,-1.0241219,-0.18982539,-0.2467625,-2.167455,-0.563981,-1.9771228,0.74112105,-0.41894415,-0.9831142,0.72587854,-0.49663886,-1.0167569,-2.1492448,-0.4258236,-0.37928736,-0.97079325,-0.90176374,1.0485512,0.42441362,-0.39500067,-0.27407444,-0.25409815,-1.1431773,0.8076051,-0.7516321,-0.70655125,0.8165255,-0.56988615,0.22548139,-0.70949376,0.08476074,1.7704892,-0.061247814,-1.9463744,-0.48513952,0.20223622,-0.068226896,-1.8034818,0.84111595,-0.96900797,-0.8888712,2.122034,3.0756955,1.7311697,2.0972483,-0.81208795,0.917586,-0.07111797,-3.0178404,0.8518947,1.9677978,-0.25630206,-0.6674521,-0.38334003,2.788576,-2.0041056,1.0563331,-1.3455464,-0.21513154,-1.6957436,0.6015897,-0.013812004,1.3718566,-1.9857801,1.9729128,0.22644919,-1.5435712,-0.41729525,-3.2248955,-1.5624985,1.6056284,-1.3803605,3.799207,-2.2044568,-2.4016852,-3.0579538,-0.9997994,-3.494814,1.8972106,-0.3146219,-1.3754786,-2.8575513,-0.5964164,0.07099849,-1.5181822,-1.2963446,-1.0763103,0.9941057,-0.9636203,-1.1847355,1.4164867,-1.1638029,-0.48229748,-0.40175325,-0.9771131,0.04549277,-0.23371693,0.028692514,-1.2352163,-1.7587223,-0.5959268,-0.8834148,-0.73975337,-0.2699054,-0.58390963,-0.4816005,-0.40523282,-1.3425236,-1.3436811,-0.7226227,-0.26541957,-0.32499826,-1.94675,-0.944493,0.99678886,-1.5937746,-2.941845,-0.65822214,-1.2987254,-0.83973646
0,Topic3,-0.42781985,1.0087969,-0.063312486,-0.8117641,-1.731273,-0.8502178,-1.238125,-1.1277089,0.055973172,0.4435516,-0.70966905,-0.6927505,0.55466723,-1.0353905,-0.92564994,-0.13635464,0.14438051,0.68522537,-0.12196924,-0.5309855,-0.5532263,1.1531552,-0.6111447,0.37795493,0.2953626,-1.0063123,-0.60062546,-0.6733271,-0.6598018,-0.5719557,0.3819449,0.50862896,-0.621973,-0.3954166,0.29386705,0.9341637,0.15691519,0.4268784,-0.549114,-0.6491617,1.0018725,0.3134264,-0.6602047,1.0512568,-1.6827704,1.208227,0.30704737,-2.3185203,0.052912474,0.88555497,0.020432949,-0.27366748,-0.33846265,1.0138236,-0.36796623,0.331133,-1.0286615,-0.89742017,-0.8784661,0.07290267,-0.0041072145,-0.18965726,-1.1134459,-0.96182024,-1.093441,-1.1739483,1.1047039,-0.13325852,0.23634112,0.6367812,-1.0338174,-0.5136684,-0.7030493,0.5255962,-2.342421,-2.0871174,0.6768006,1.3427829,0.25958428,-0.016683161,-1.1078684,1.062676,-0.13611339,-0.11688406,-0.08070469,0.83421946,1.0208308,1.510316,0.27597448,-0.21380433,0.28197384,2.2351565,0.27087983,0.18052405,-0.6408665,-0.00864628,-0.44523698,-0.86172694,-0.55598676,0.23876917,-0.8740505,-0.23107834,-0.14644988,-0.13267516,0.9351028,-0.22254914,0.558366,-0.01773069,1.029424,-1.2399731,0.13622487,-0.48649263,0.591758,1.0533866,-0.7349992,0.84983224,0.8848864,-2.0265355,-0.79918486,0.28022546,0.1170519,0.43034607,-1.6444231,0.49682724,-1.7707382,-2.0843737,1.0638149,-1.2897606,-0.97306913,-0.4053597,-1.1126008,-0.07265573,-1.0363503,-0.24769947,-0.49694923,0.6513772,0.37806302,-1.1132097,1.3226408,1.572301,1.7588837,-0.20799279,0.25216433,0.15732849,-0.2228482,0.6911361,0.8040588,-1.1763681,1.0674706,0.19604328,0.9901769,-0.2020752,0.19789293,-0.48824555,0.77483,-1.5726749,-1.1149839,-0.46140605,1.2289177,0.45251754,-0.6300858,0.10231635,0.30355296,-0.21836159,-0.7042235,-0.38914025,-0.108543634,1.3238059,1.2484369,-0.8579162,0.44084096,-0.37235653,-0.6051035,0.051088043,-0.6142676,0.76992655,-1.3844255,0.5218607,-0.5973223,1.613779,-0.3311997,0.4156773,-1.6622138,0.3718791,-0.21558002,1.7831802,-0.30545285,0.401601,0.01078786,1.2539945,-0.18871132,-0.0925457,0.027074337,-1.3176137,1.0612792,-1.5470171,-0.6845898,-0.047686838,1.0644084,-0.8426223,-0.31780165,-0.38364542,0.11084917,-0.08352208,0.056530446,-0.75072867,-2.026409,-0.1552274,-2.7231824,-1.1286757,0.6007431,-1.7148259,0.8736948,0.9466833,-1.1628864,-0.8733367,-0.38939023,-0.4835835,0.6924805,-0.5020485,-0.30656126,-0.018636316,0.20092078,0.82540643,0.52689904,-0.7900986,-0.17688538,-1.1719975,-0.01462299,-1.638897,-0.033464897,1.1358052,1.1731299,0.3018281,-0.83423436,-1.465828,0.00034629647,-0.18256328,0.54486966,0.21656924,1.0171424,-1.0200855,0.69400656,0.09606323,0.1929639,-0.018965602,-0.78023267,-0.7724237,-0.29992104,-0.6987848,-0.61414784,-1.4687628,-0.7497767,-1.0317998,-0.9196483,-0.70402455,-1.0850472,0.5094098,0.13590842,-2.8910003,-0.44796017,-0.11903249,-0.08959332,-1.7437034,-1.9692792,-0.7255803,-0.8995675,-0.29539734,-1.4345298,-0.18456924,-1.2737738,-0.6925105,-1.2673982,-1.2760665,-1.0926261,-0.4386929,-1.218636,-1.5768282,-0.8039174,-2.0545263,-1.456726,-1.519114,-0.70542973,0.1338793,-0.6977981
1,Topic1,-1.743429,-0.014717765,-2.0105028,0.23551065,-0.23495682,0.27574593,-0.9336749,0.016004369,-1.383176,-0.14012918,0.49864912,-0.4425164,-0.5905941,-0.06106612,-0.59156793,0.30868018,-0.04255417,0.6016691,0.43566513,-0.35034835,-0.12051373,-0.47522885,-0.023222145,-0.3134614,-1.796274,-0.21629578,0.5211324,-0.964712,0.030640483,-0.92427814,0.16988182,-0.60046285,-0.09860067,0.548939,0.18756813,0.7606271,0.53614175,-0.037973803,-1.6770241,-0.4568542,-0.18434663,-0.063248135,-0.11822632,-0.13094695,-0.5374273,-0.65741944,-1.3659173,-0.0028820857,-3.5950637,-0.039575383,-0.58535,-0.3186901,-0.6119709,-0.43448073,-1.5984823,-0.004224062,-0.114942804,-0.39114732,0.20785448,-0.028319158,-0.048448592,-0.011944085,-0.067740835,-0.4028312,-0.0063612275,-0.14203222,-0.29859352,-0.018279506,0.04301998,-0.16429415,-0.7374377,-0.03178523,-0.4644898,-0.05825349,-0.58020914,-0.09321008,-0.7364773,-0.020786375,0.07447676,1.3933158,-0.09765903,-0.38814545,-0.36788398,-0.014044646,-0.5315827,-0.38110122,-0.37375367,-0.33009964,-0.36195529,-0.6905504,0.02936837,-0.4779095,-0.87590253,-0.16616264,0.3972603,-0.0053557456,-0.3980554,-0.9138708,-0.15000862,-1.3094577,-0.721219,0.032800436,-0.48103386,0.73585975,-0.4518325,-0.18798874,0.024092056,0.00065419823,-0.338592,-1.784842,-0.38211176,1.5776364,0.08671188,-0.5698126,-1.8481718,-4.1061482,-0.11129217,-0.5918519,0.027882457,-0.032760292,-0.18938366,-0.008083954,-0.07492468,-0.06757836,-0.41221222,0.081481025,-0.22870886,0.03469366,-0.143676,-0.6441189,-2.4811459,-0.02433753,-0.70421815,-0.27799153,-2.87181,-3.1570375,0.46475756,0.048834622,-0.19726287,-0.3178272,-0.5217315,0.4571538,0.7768613,-1.491073,-0.06060867,-0.052240815,-0.076223135,-0.41103488,-0.26143557,-3.5465834,-0.34504923,-0.034717645,-0.71715844,0.0035709664,-0.74659926,-0.02860009,-0.0774857,-0.051746916,0.037815005,-1.1469768,-0.19150339,-0.012284878,-0.14053401,0.85190964,1.3961291,-1.2181145,-3.1065266,0.024117582,-0.12126797,-3.9142828,-0.31955013,-0.08452201,-1.2289569,-0.3849076,-0.14921944,0.1967293,-2.1936336,-0.9357039,-0.44176975,-0.397695,0.1282156,-0.07193758,-0.10147157,-1.2511257,-0.12578666,-0.026958406,-0.15091848,0.011932321,-0.6492551,-3.266078,-0.105484575,-0.23580006,-0.19689381,-0.06189059,-0.47361895,-0.12629297,-0.814747,-0.5823846,-0.37198406,-0.12781501,-0.18187854,-0.18284106,-0.157977,-2.3594756,1.2096817,-0.032463312,-0.40052658,-0.16077186,-0.8715029,-1.4896706,-0.01975314,-0.026182711,0.107343405,-0.15813483,-0.14892922,-0.006664712,-3.96771,-0.045591496,-0.36116987,-0.036469854,-0.0005732104,-1.8338895,-0.023651682,0.04168129,-0.11240931,-0.43976712,-1.4302797,-0.7976129,-0.5944122,-0.7748287,0.25598264,-0.11959401,-0.8649983,-0.118136615,-1.0762615,-0.023102991,-0.8827338,-0.4466504,-0.48397893,-0.20254849,-0.2392269,-0.63784903,-0.3192132,-0.27463228,-0.11927408,-0.5206516,-0.41865033,-0.74398893,-1.0700722,-0.44405106,-0.5214071,-0.789818,-0.092597514,0.8390266,-0.75618637,-1.3423951,-0.71798825,-0.5845077,-0.6540447,-1.0708244,-0.2418253,-0.25236917,-1.1876302,-0.8721391,-0.32356465,0.65787387,-0.8137293,-0.27564323,-3.6730034,1.5509591,-0.24737528,-0.35094658,-0.7670341,-1.2445794,1.5467112,-0.1641067,-0.53871036,-0.49849668,-1.0025337,-0.6450598,-1.154923,-0.25171688,-0.8168091,-0.14041838,1.4134696
1,Topic2,0.017322976,-0.05650037,0.39530313,0.0005914122,1.2987744,-0.05230196,0.46643293,1.4014106,-0.03813757,-0.54870033,-0.42487842,-0.5727308,-1.9102758,-0.030987054,-1.1882896,-0.71180636,-3.055564,-1.4186759,-3.1775491,0.61597085,1.8589635,-0.33054423,-2.8667784,0.18162882,0.0015288042,-0.17923951,-1.0815701,-0.15578355,0.6526562,1.009742,-1.8517002,-1.576683,0.6224722,-1.4058102,-0.717651,-0.41059986,-1.4715288,-0.041796446,-0.02726871,-0.35839984,-1.6413426,-1.340492,-4.1437726,-0.7747177,0.4634992,-3.8827028,0.54167235,-0.40563333,-0.12421973,0.6202063,-2.3620872,-2.7541509,0.14755335,-0.2666266,-2.67564,-0.015451491,2.2308006,-0.013068087,-0.05166875,-0.31172472,-0.060912795,-0.25974995,1.3519794,-0.32120675,0.80549634,0.20523947,-1.6352587,1.9345988,-1.4132586,-0.02816455,-0.018732633,0.61358106,-0.35391983,0.080738425,0.040795475,-0.025286436,-0.011271575,-1.6525819,-1.9671721,-0.47394267,0.12601638,-0.8564286,0.9090439,-1.1683052,0.7462201,-3.8334804,-1.6770064,-1.2364776,-4.406487,0.8092563,-0.8107297,-0.2382765,-1.0480293,-2.0348647,-0.067617916,-0.7228414,-0.3936273,-1.0948216,-3.5583007,-0.63129115,-0.84073794,-0.042300183,-0.42680562,-0.31890628,-0.097333156,-2.125022,-2.0160367,-2.1050022,-2.8446517,1.5930951,-0.45367455,-0.05842617,-0.22255866,-3.8582463,-0.98089916,0.9362339,-0.49670106,-0.24025004,-0.3853238,-1.9943413,-0.15152463,-1.0532337,1.1388519,-0.11759436,-0.44078344,-0.17342015,-2.1810136,-0.29877102,0.11829142,-0.487559,-0.4460672,-2.4320502,-0.009758382,-0.0956085,-0.30695552,-0.35817602,-2.0661263,0.28880447,0.13451958,-3.2844539,-0.27699402,-1.817169,-0.24161164,-0.14350152,-1.8308046,-1.9869972,-1.950748,-0.75329936,-3.8164983,-0.027787091,-1.8024696,0.48470426,-0.19992962,0.17682946,-2.3985727,0.95090365,1.0396965,0.15780544,-0.47603098,0.38782364,-2.197544,0.17638978,-1.6157498,-0.059905574,-1.645921,-0.680305,-0.27053177,-0.21325928,-2.4455986,-0.13322507,-2.0075026,0.93511117,0.20863855,-0.7988251,-0.30908865,-0.29561478,-0.3181827,-1.9672985,-0.50642055,-0.36123317,0.39288288,-0.14578497,1.0239722,0.6728756,-0.5352242,-0.20658669,-0.07102297,-0.22670555,1.1155471,-0.35446942,-0.25505772,-0.7455509,-0.4219091,-0.5381176,-0.8453574,0.059936225,1.5542362,-0.06103662,-1.6934743,-1.930486,0.24072537,-0.10880829,-1.9027712,0.83369166,-1.2853718,-0.6083512,0.35346413,3.2609675,1.2208301,0.88610697,0.16565275,0.9790251,-0.056168012,-0.8655739,0.17959887,1.1703515,0.03462702,-0.66409713,-0.28445357,2.0857482,-0.5843215,1.1954602,0.18075764,-0.11770886,-0.019914627,0.52447176,-0.019488491,1.2287356,-3.6840153,1.039588,0.35283005,-0.9906871,-0.24484959,-3.0574043,-1.1653233,0.65890723,-1.4579512,1.3536406,-1.9057332,-1.1862854,-2.9840596,-0.58075875,-3.0080886,1.9596395,-0.3924132,-0.5095777,-3.0329807,-0.41563922,0.08041638,-1.0927355,-0.8931097,-0.69561887,0.077537835,-0.89949596,-1.465585,1.1270369,-0.6989098,-0.83222353,-0.43043727,-1.0963609,0.17322981,-0.27863857,-0.2844457,-0.72086394,-0.9867514,-0.53403133,-0.67341423,-0.6911981,-0.005613148,-0.8320622,0.0072730184,-0.23972008,-0.8393277,-1.1747272,-0.90977365,-0.40471315,0.3929751,-1.2667663,-0.92978555,1.179993,-1.5183834,-2.452697,-0.96115875,-1.267781,-0.87731344
1,Topic3,-0.4055244,-0.034472585,-0.045048334,-1.0274928,-1.2047851,-0.86516476,-0.49278688,0.09297705,0.23060337,0.680264,-0.75545025,-0.70301014,0.14742583,-0.2757939,-0.6212915,-0.5973115,-0.1438712,0.022296548,-0.33299586,-0.34004042,-0.5101973,0.6296531,-0.38076723,0.35048324,-0.3938736,-1.2755681,0.48507112,0.06494665,-0.723514,-0.6224166,-0.21045882,0.3250997,-0.5370431,-0.26712793,-0.007956356,0.15708119,0.0436759,0.3416308,-0.95154554,-0.50467414,-0.23915505,0.073865265,-0.09530288,0.9062768,-0.59745365,0.7741537,-0.47189274,-0.082718134,0.44504786,0.0042277575,-0.47869927,-0.30047968,-0.4384098,-0.33294094,-0.6800616,0.1413298,-0.5926504,-0.8278263,-0.85143167,0.37349862,-0.38739768,-0.18266584,-0.37726074,-0.70353556,-0.3947121,-0.8665108,0.6882366,-0.13041909,0.034554914,0.04799092,-0.74231184,-0.5398208,-0.5363977,-0.062375426,-2.0367627,-0.6856301,-0.2292797,0.23508811,-0.08958134,-0.37560296,-0.5706995,0.8250295,-0.33467877,0.36759937,-0.05062763,0.8951986,1.1187695,0.319102,0.06079352,-0.41109943,0.05181998,1.4744284,-0.10012227,-0.11845097,-0.61952645,0.31593224,-0.3699305,-0.8350435,-0.46348155,0.33853322,-0.8297091,0.044073746,-0.2093005,-0.20228799,-0.18537915,0.40736872,0.20937297,0.4830264,-0.09503758,-0.53525436,0.48662972,-0.04867676,0.9329895,-0.32632333,-0.017255306,0.33978927,-0.26875794,-0.29411864,-0.6493629,0.32765085,0.13915569,0.44964033,-0.9634506,0.28386122,-1.1792388,-0.6520982,0.43464613,-1.1054382,-1.2732476,-0.4550659,-0.17289868,-0.15512525,-1.7613597,0.045839466,-0.023056328,0.57988715,-0.048312217,-1.2186193,0.22114968,0.32724273,0.9083284,-0.15052709,-0.050328493,0.5307018,-0.31813562,0.24943554,0.2758355,-0.49142492,0.13456398,-0.48866284,0.84855986,-0.24873044,0.23152202,-0.72233427,-0.6797426,-0.6323746,-0.31663495,-0.42855954,-0.16331124,-0.21601185,0.6035087,0.33212686,0.13774416,-0.22199905,0.055842996,-1.0877509,-0.1285249,-0.0029605627,0.50437903,-0.14974558,0.5309181,-0.28368235,-0.5072535,0.23365599,-0.8502525,0.20284936,-0.09400588,-0.44395423,-0.706926,1.64883,-0.34650582,0.45397198,-1.17772,0.08080202,1.046597,0.6532582,-1.2492775,0.4255742,-0.09190089,0.118213296,-0.5673132,-0.03328988,0.15987593,0.16729867,0.94392216,-1.0897175,-0.8360797,-0.046552952,0.5087986,-0.19651842,0.12839079,-0.28356698,0.38625783,-0.089675725,-0.19146365,-0.4479409,-0.8070557,-0.1488881,-2.0763934,-0.43701518,-0.055842698,-0.60619783,-0.1419937,1.2411845,-0.24709201,-0.5733805,-0.024137162,0.38785192,0.98592556,-0.4497203,0.35206988,-0.19115695,0.3201119,0.08768839,0.1756163,-0.8709969,-0.45912105,-1.0791171,-0.030421998,-1.4148085,-0.038998615,-0.19865346,1.1526889,-0.42416924,-0.32804668,-0.4988159,0.0012038844,-0.1708627,-0.41112137,-0.30539328,-0.63976645,-0.5917858,0.5674819,-0.8852535,0.89276874,1.0482931,-0.5306784,-0.34419376,-0.18235144,-0.08891706,-0.21934026,-1.0768656,-0.79214185,-0.9521581,-1.2269311,-0.2559486,-0.66406024,0.7626755,0.022039294,-2.6827493,-0.31535664,-0.16247433,-0.46313643,-1.2848954,-1.1104084,-0.6435031,-0.62429583,-0.1672172,-0.7802432,-0.42045543,-0.82343364,-0.5214523,-0.7253099,-1.0636076,-1.1727762,-0.54421353,-0.45453012,-0.8040304,-0.79899544,-0.8132057,-1.3464632,-0.6532911,-0.9716146,-0.40964484,-0.7254714
2,Topic1,-1.802901,-0.015797082,-2.0916467,0.22976041,-0.23790126,0.26672477,-0.85179317,0.013339758,-1.4852095,-0.024173886,0.401766,-0.39701638,-0.5551049,-0.03153855,-0.7588917,0.4254564,-0.03293462,0.72755706,0.63859946,-0.34740037,-0.08097086,-0.38417602,-0.022987932,-0.30091223,-1.8028967,-0.14963046,0.5188148,-1.1962209,0.041032422,-0.7848983,0.23463124,-0.48571044,-0.07153713,0.5768331,0.21703339,0.84611857,0.62720835,-0.04792971,-1.7838116,-0.59588856,-0.13153079,-0.014345415,-0.10152754,-0.12060577,-0.5580589,-0.368801,-1.2891438,0.0014114268,-3.8344963,-0.031814016,-0.5710174,-0.34853232,-0.5333511,-0.41049045,-1.3073834,-0.097637534,-0.16548349,-0.3215605,0.22920561,-0.027944231,-0.07585031,-0.11503574,-0.06407885,-0.69977283,-0.001537947,-0.13646221,-0.31845674,-0.01716893,0.04339605,-0.15562928,-0.8997104,-0.033407368,-0.5977464,-0.07623539,-0.5879022,-0.061459415,-0.78806233,-0.009164974,0.06781329,1.3348287,-0.10995897,-0.1256322,-0.4030138,0.0021599084,-0.5884118,-0.4621246,-0.22558966,-0.21179591,-0.24595597,-0.5789268,0.015414394,-0.39861253,-0.64068365,-0.054350585,0.4610117,0.004649624,-0.39382634,-1.0365548,-0.108282596,-1.3846349,-0.7483286,0.100328624,-0.44389093,0.6654452,-0.39278373,-0.26635772,0.026494347,0.005341567,0.030745551,-1.9314594,-0.80918765,1.5874639,0.049064934,-0.27712938,-2.0739799,-4.1193776,-0.08539482,-0.55660313,-0.14488408,-0.048600525,-0.17228575,-0.006505791,-0.0672294,-0.06134499,-0.23060578,0.10367145,-0.14267254,0.057861835,-0.14303228,-0.6418622,-2.803388,-0.13562751,-0.6779947,-0.1348989,-2.8364272,-3.3359838,0.54771936,-0.04342673,-0.14089143,-0.12108648,-0.5275873,0.46775234,0.89442885,-1.5448045,0.018547371,-0.06653458,0.095190406,-0.40786093,-0.073891506,-3.637126,-0.37424356,-0.021877296,-0.69994843,0.005227316,-0.7100116,-0.027073415,-0.07548973,-0.0500356,0.02592361,-1.1819319,-0.25648963,-0.01811175,-0.07998888,0.76560855,1.3933276,-1.0301456,-3.0073261,0.015816608,-0.03711178,-4.0773335,-0.2613953,-0.25052047,-1.3474103,-0.44454706,-0.1021628,0.21837565,-2.605046,-0.5595726,-0.35428032,-0.46463782,0.14379296,-0.19672392,-0.0923016,-1.4175507,-0.1402196,-0.058537938,-0.056723833,0.0055895373,-0.6225413,-3.4168537,-0.095388085,-0.20585996,-0.36938938,-0.09526099,-0.4380663,-0.11310169,-0.6984277,-0.6985017,-0.6363865,-0.14927062,-0.18702945,-0.035881042,0.004945427,-2.3919144,1.4006612,-0.3086995,-0.32778236,-0.16673853,-0.6225978,-1.5269679,-0.034976915,-0.03467334,0.063841045,-0.18355489,-0.17773896,-0.040995583,-4.161684,-0.0488934,-0.48784032,-0.038593806,0.0017840303,-1.7227185,-0.018547947,-0.09760684,-0.12220123,-0.4323816,-1.4706508,-0.94041026,-0.5235928,-0.554328,0.12249589,-0.08660347,-1.0904682,0.17142832,-1.3825986,-0.024986336,-0.9549396,-0.40681672,-0.2319555,-0.06670386,-0.075033836,-0.77472734,-0.23816676,-0.24171111,-0.06906694,-1.4445711,-0.77810603,-0.80888706,-1.0532558,-0.9557628,-0.88548326,-1.1494141,-0.050943494,0.8165504,-0.58415365,-1.5659282,-1.1030201,-0.3442241,-0.51641333,-0.9792648,-0.31547523,-0.18664032,-0.82065994,-1.4156495,-1.2876441,0.7098198,-1.2844012,-0.28513345,-3.918773,1.8497717,-0.63545954,-0.475793,-1.0651251,-1.2733805,1.6471729,-0.072285205,-1.0853943,-1.0127647,-1.1423806,-0.9359842,-1.6171223,-1.1550283,-0.56737864,-0.52163166,1.5369198
2,Topic2,0.01485578,-0.05375834,0.43418354,-0.008916473,1.2885481,-0.0660191,0.44563314,1.3202592,-0.120018646,-0.42664278,-0.5268451,-0.52880186,-1.8809761,-0.041224867,-1.3643003,-0.47695434,-3.1253083,-1.4249116,-3.016654,0.58988655,1.8648424,-0.20453265,-2.957182,0.19504254,-0.010523121,-0.09795319,-1.0739349,-0.3852963,0.53609514,1.0235649,-1.7698878,-1.3863347,0.62475127,-1.3791215,-0.66475266,-0.39261216,-1.3329258,0.06905866,-0.033325244,-0.49502552,-1.408225,-1.2137926,-4.1277914,-0.7191385,0.41408753,-3.5474591,0.53313434,-0.4537279,-0.34400907,0.7033075,-2.28769,-2.7937,0.2321549,-0.23567507,-2.4379423,-0.009378904,2.1474214,-0.020884275,-0.033253424,-0.27006328,-0.080094755,-0.3599496,1.305969,-0.61620617,0.71589684,0.18382865,-1.6561044,1.8537127,-1.3532249,0.005498618,-0.05496014,0.49669063,-0.4862345,0.1542244,0.04043691,-0.1169312,-0.040013075,-1.6636661,-1.9278841,-0.5699716,-0.03575802,-0.5921974,1.057417,-1.1571826,0.84746426,-3.9099786,-1.5589244,-1.0781832,-4.2837787,0.9920757,-0.75214654,-0.14484462,-0.7130015,-1.9301438,-0.024543561,-0.69261307,-0.3911822,-1.2189889,-3.5040004,-0.78766775,-0.8666845,-0.031269774,-0.38519818,-0.40476355,-0.03636901,-2.2325974,-1.9980924,-2.1557567,-2.4504051,1.5553074,-0.8836054,-0.04675223,-0.24942462,-3.537524,-1.2209766,0.917977,-0.46298409,-0.2094671,-0.5689604,-2.0246248,-0.13150892,-1.0107378,1.1193451,-0.10865485,-0.2558188,-0.1542396,-2.0952172,-0.2845608,0.11377984,-0.48647934,-0.6702034,-2.3530238,-0.009441452,-0.12750617,-0.26817322,-0.47565264,-2.0122828,0.210473,0.26337558,-3.0667152,-0.27797458,-1.873786,-0.10935671,-0.19980264,-1.6699249,-1.9675016,-1.8979659,-0.88477683,-3.5579467,-0.016616546,-1.7990843,0.44236153,-0.18052316,0.109353065,-2.298523,0.86278546,1.0202168,0.0483824,-0.49526644,0.46784514,-2.271356,0.17203034,-1.4703102,-0.12597482,-1.6382856,-0.44184303,-0.2583476,-0.21791616,-2.3721952,-0.26632905,-1.9399611,0.85882664,0.23406625,-0.7866268,-0.33279884,-0.24906905,-0.750602,-1.5394866,-0.42145163,-0.43155903,0.51403964,-0.23928082,1.0293078,0.5240056,-0.56526905,-0.23611914,-0.058337778,-0.16283625,1.1726155,-0.5032723,-0.19775942,-0.9318956,-0.59526277,-0.6386492,-0.80734503,0.07676179,1.6552527,-0.066863924,-1.9569248,-2.0475883,0.23805696,-0.118234776,-1.7239733,0.8470398,-1.1340544,-0.7657509,0.31621695,3.2556915,1.4279213,0.75258005,0.21161342,0.9735141,-0.052669,-0.74521804,0.09102851,1.0674942,-0.113374606,-0.6686099,-0.40783727,2.0036411,-0.4737395,1.3240149,0.25742197,-0.18885592,0.06724036,0.5215286,-0.014127264,1.0655328,-3.7990198,1.1801306,0.368099,-0.89779246,-0.47240043,-2.7171571,-1.4700646,0.583983,-1.4624565,1.2244008,-1.6034303,-0.95267355,-2.7789998,-0.71982604,-2.8755684,1.9885304,-0.39795542,-1.4347569,-3.427765,-0.48090756,0.08903748,-1.6128885,-1.2594582,-1.0499982,0.028996825,-0.982872,-1.2960873,0.8382808,-1.0833111,-0.598108,-0.28517893,-1.0113857,0.090666056,-0.2099657,0.08464244,-1.264625,-2.047769,-0.5821209,-1.1485102,-0.704551,-0.20112658,-0.5997158,-0.382368,-0.36221036,-1.1384078,-1.2070383,-0.85440737,-0.3209887,-0.16047955,-1.7840197,-1.0616363,0.86414623,-1.9829638,-3.393159,-0.7180681,-1.6545737,-0.7873756
2,Topic3,-0.40420666,-0.089292765,-0.049333036,-1.053398,-1.1479051,-0.87796146,-0.4759878,0.14346933,0.15360802,0.84284425,-0.87981653,-0.66133225,0.13322735,-0.20309913,-0.7914703,-0.36459377,-0.040003598,-0.0027302504,-0.1543134,-0.3440619,-0.4648375,0.68780947,-0.16703917,0.34596184,-0.4407132,-1.2144326,0.52719206,-0.11719909,-0.7191415,-0.6077866,-0.19274187,0.43869638,-0.49745452,-0.2213032,-0.001231283,0.12369692,0.19367772,0.31937087,-1.0174751,-0.64211947,-0.22645676,0.10168338,0.07928771,0.89924985,-0.5483421,1.0081125,-0.4206339,-0.021275043,0.21435201,0.017389417,-0.4947464,-0.3302921,-0.36014032,-0.39648378,-0.43971235,0.14244854,-0.6091018,-0.8329703,-0.8257614,0.4180988,-0.42614233,-0.28929555,-0.31883234,-1.0028892,-0.35653812,-0.83147126,0.61908865,-0.12893245,0.0110875815,0.050289333,-0.7630563,-0.5393266,-0.66987365,-0.110266924,-1.9995699,-0.5740932,-0.31423402,0.18204737,-0.12914017,-0.51975995,-0.57159066,1.0692571,-0.3104386,0.410045,-0.053313855,0.8271074,1.290972,0.35606778,0.17313671,-0.2996421,0.10721764,1.4839664,0.13963401,-0.033630192,-0.5635487,0.34497544,-0.3559841,-0.95934033,-0.43035868,0.20902085,-0.8543551,0.06718643,-0.1673093,-0.2998944,-0.18086672,0.31727952,0.18065625,0.48465037,0.210446,-0.5968344,0.05815929,-0.015851527,0.91886246,-0.1178329,-0.17810914,0.29649854,-0.31025726,-0.15196002,-0.8455859,0.29766792,0.15964207,0.45426983,-0.892669,0.2845024,-0.93862635,-0.5561187,0.4850428,-1.0629536,-1.2963507,-0.45095256,-0.3521434,-0.15094456,-1.6351047,0.072014816,0.058011055,0.45310414,-0.0065202713,-1.3207461,0.22557044,0.42904854,0.8207494,-0.20562461,0.0788922,0.51004755,-0.24014556,0.19409329,0.2896706,-0.44408756,0.25351804,-0.51602805,0.8005594,-0.24723177,0.25715417,-0.7315111,-0.6944965,-0.58918744,-0.27087235,-0.4244379,-0.2758578,-0.25424507,0.58219415,0.37118205,0.19041276,-0.25481182,0.08844364,-0.94153345,-0.11079041,-0.06944072,0.5336953,-0.25090283,0.60426396,-0.36666033,-0.5291358,0.23748767,-0.76378095,0.19347507,-0.4776455,-0.09764582,-0.62333477,1.5802956,-0.32682326,0.3406664,-1.1280631,-0.10545984,1.1068512,0.5495845,-1.174409,0.42430443,-0.071895905,-0.11097264,-0.5821157,-0.06933529,-0.022736013,0.19632244,0.97894514,-1.0248208,-0.722165,-0.05237765,0.17257154,-0.107771516,0.17914125,-0.27993208,0.56450564,-0.07312873,-0.0472852,-0.6037271,-0.66721916,-0.15992479,-1.7649536,-0.42564315,-0.049654305,-0.5406879,-0.19913435,1.24642,-0.2212196,-0.57950646,-0.1638298,0.42077455,0.8845494,-0.44691196,0.3938363,-0.08728941,0.35792702,-0.03165269,0.17477122,-0.8704108,-0.48258018,-1.2165493,-0.03696457,-1.1971755,-0.032703362,-0.2241329,0.902941,-0.15561947,-0.6231878,-0.4365,0.0015164679,-0.1307577,-0.21045786,-0.18344349,-0.55349493,-0.7293713,0.6345806,-0.8122503,0.9245,0.13701999,-0.88996387,-0.3843502,-0.16336614,-0.5931338,-0.58890975,-1.429208,-0.7645593,-1.034236,-1.0617359,-0.47601262,-1.0544028,1.0511341,0.15368676,-2.5644574,-0.39518017,-0.09266128,-0.097163066,-1.8334078,-2.1632445,-0.68939465,-1.0921936,-0.17471606,-0.9357486,-0.1877355,-1.2148879,-0.642094,-1.0203921,-1.0912247,-1.1071153,-0.4562038,-0.99798346,-1.313744,-0.931527,-1.034028,-1.8087312,-1.5618091,-0.72580814,-0.8497199,-0.635284
3,Topic1,-1.648094,-0.06566742,-2.7313213,0.25955498,-0.26123425,0.30294123,-0.28119805,0.028330922,-1.7239206,-0.22993013,0.5966835,-0.44910842,-0.41389513,-0.03893996,-0.57214594,-0.9080038,-0.045563065,0.40147448,0.6873622,-0.31655043,-0.1635259,-0.53469974,-0.022036878,-0.27973086,-1.842401,-0.33403015,0.548857,-1.1775055,0.048669167,-0.2761116,0.20238471,-0.73130745,-0.09195014,0.50893867,0.190909,0.25373948,-0.555131,-0.04865954,-3.566574,-0.7231774,-0.2065309,-0.04651026,-0.060407646,-0.13313876,-0.82367873,-0.65678054,-0.60711896,-0.001760859,-3.884041,-0.03671955,-0.5877774,-0.2877202,-0.66814256,-0.587569,-0.7999133,-0.9649409,-0.13478127,0.88605165,0.25247347,-0.02736355,-0.8293171,-0.06607352,-0.054952532,-0.4009865,-0.0035435222,-0.15147147,-0.34040824,-0.014626434,0.05441001,-0.20144011,-2.1422954,-0.037611682,-0.5161111,-0.07928462,-0.7276392,-0.08585762,-1.1323712,0.014645629,0.08997552,1.9143057,-0.11383418,-0.26436907,-0.77891266,-0.0014421903,-3.178213,-0.604669,-0.37947327,-0.3352018,-0.3718519,-0.94581425,0.04343091,-0.525942,-1.1820817,0.08833581,0.28098005,0.011682212,-0.65740436,-0.76604515,-0.06443998,-0.8432709,-0.72661155,0.95667934,-0.6956338,0.955958,-0.45325145,-0.20382354,0.025985103,-0.007999204,-0.26457706,-3.0243518,-0.6085187,1.7435552,-0.098905474,-0.34628963,-2.672408,-3.9254644,-0.1288127,-0.6026505,0.2188049,0.13444054,-0.20407946,-0.007929331,-0.07681373,-0.08100299,-0.5934387,0.08040716,-0.24519315,0.081291765,-0.12556154,-0.50385153,-4.1224146,-0.72989476,-0.6274787,-0.5570818,-3.1962729,-4.291424,0.743176,-0.031068474,-0.21076098,-0.14893436,-0.5957895,1.2330759,-0.13074839,-1.9157631,-0.09037474,-0.023636483,-0.088926554,-0.52838445,-0.30533835,-4.7237716,-0.32668424,-0.0190035,-0.7668967,0.011827737,-0.88771677,-0.029461754,-0.04518552,-0.04954528,0.1688875,-1.5326455,-0.24115439,-0.0039022006,-0.1731176,0.55203277,1.4141432,-1.3794659,-2.3022535,0.017910313,-0.09334737,-4.267632,-0.34953284,-1.0861998,-2.768102,-0.031392336,-0.048551247,0.117815435,-1.6777763,-1.1918297,-0.53001094,-0.39101553,0.10081582,-0.031593934,-0.1084772,-1.4342985,-0.21608809,-0.040813334,0.36282504,0.020642877,-0.64238083,-3.2597442,-0.18359941,-0.1453946,-0.11920531,-0.06550439,-0.44101733,-0.20374513,-0.7433604,-0.7918465,-0.39199442,-0.13558787,-0.18203034,1.1993997,-0.32089788,-3.230179,2.0177445,-1.5887252,-0.53505576,-0.06647563,-1.0604404,-1.6887772,-0.012118522,-0.025015194,-1.2491254,-0.3399164,-0.12367607,0.007336419,-4.5996256,-0.048411876,-0.48373073,-0.04143277,0.0016857181,-1.841012,-0.014613401,-1.2080531,-0.09968289,-0.4046347,-2.136579,-0.9177925,1.0974574,-0.7798757,-0.68906856,-0.10447395,-0.7893438,-0.17572159,-1.0229167,-0.021072956,-1.266566,-0.3693936,-0.3794359,-0.36765903,-0.22353363,-0.80030715,-0.21646023,-0.21980551,0.29054374,-0.69863427,-0.35069585,-0.6736881,-1.0468364,-0.5441117,-0.6404121,-1.1103518,0.100536406,1.7972527,-0.33770156,-1.4252118,-0.71792936,-0.49658215,-0.67785627,-1.0492059,-0.26848808,-0.27646813,-1.0520972,-0.8716575,1.3414278,2.0245335,-0.79121447,-0.217529,-4.3017955,2.3898644,-0.22699274,-0.47604138,-0.89423305,-1.2987415,2.3814769,0.011870503,-0.524573,-0.35073882,-1.2137885,-0.7413041,-0.88155305,-0.2839393,-0.5839896,-0.09364128,1.7544069
3,Topic2,0.0134374,-0.046899132,-0.052870512,-0.020492967,1.092276,-0.072200015,0.14861083,0.4916315,-0.04654948,-0.5292493,-0.3539,-0.5988851,-1.7968705,-0.44848254,-1.2837428,-0.6329677,-2.5080736,-1.5372527,-3.370918,0.40697485,1.5179343,0.060914785,-2.3052015,0.18708341,0.0006456021,-0.08381979,-1.1299001,-0.37650728,-0.4380207,1.0166979,-1.4913859,-0.4590273,0.5295981,-1.3919265,-0.23339173,-0.39048076,-1.5020983,0.064348936,-0.036701173,-0.61759496,0.40986943,-0.04178691,-3.494931,-0.10922873,0.37198138,-2.8882174,0.43929374,-1.3136803,-0.17216444,1.0864034,-1.8870157,-2.8329396,0.14512849,-0.34242284,-2.664318,-0.016893495,1.8828031,-0.017742936,-0.04532036,-0.17787671,-0.058729835,-0.24933308,0.7820002,-0.27930385,-0.2816608,-0.033066273,-1.6949105,0.95864856,-0.99518526,0.2906956,-0.01798828,-0.30849028,-0.38507244,1.127951,-0.011484757,-0.81239367,-0.00080793723,-1.796271,-1.4420233,-0.448789,-0.87161183,-0.6575744,2.080844,-1.0469369,0.3825922,-3.8974211,-2.0579393,-0.69865865,-4.328226,1.6538596,0.08448386,-0.07028538,-0.12213719,-1.7927461,-0.08742106,-0.4140004,-0.720706,-0.96276927,-3.0369282,-1.1418918,-0.82935375,-0.04719976,-0.5521299,-0.32455137,-0.11137671,-3.2795482,-1.5572065,-2.2637773,-2.3796182,1.7595322,-0.7286358,-0.055550795,-0.25523344,-3.1305518,-3.1041632,0.6563204,-0.30826104,-0.32009494,-0.35463893,-1.9970679,-0.13061275,-0.50215435,1.258168,-0.09265809,-0.5761216,-0.19344662,-2.083926,-0.38963303,0.07622859,-0.3731825,-0.8017785,-1.5185118,-0.008139739,-0.57204586,-0.21502516,-0.5351704,-2.1170454,0.4571833,0.7609686,-2.6825612,-0.29900175,-1.9550793,-0.20717524,-0.14053161,-0.5917994,-1.4431992,-1.8828188,-1.4725776,-2.5319774,-0.043948166,-1.4947556,-0.15057522,-0.20042206,-0.2865523,-1.768414,-0.10431981,0.6635444,-0.48040986,-0.41986156,1.0258787,-2.4085455,0.14400136,-0.65806484,-0.049773768,-1.1817507,-0.045900583,-0.374986,-0.14334863,-2.4381618,-0.23945968,-1.9745433,0.9679576,0.8037784,-0.94557744,-0.7148482,-0.03194213,-0.7108734,-1.532532,-0.64703685,-0.42005035,1.3832748,0.11718202,0.9726169,0.7247987,-0.85608804,-0.19378981,-0.062580615,0.41040623,1.5581592,-0.4253631,0.35541925,-2.8539274,-0.35668707,-1.4531642,-0.7791067,0.047610566,1.3051562,-0.05880202,-1.7316549,-2.177065,0.23004735,-0.2554318,-1.8574495,0.7594008,-1.4173648,-0.57941115,-0.3954525,3.3398728,0.46507215,-0.49620533,0.7897635,1.0438277,-0.054651935,-0.36992884,-0.5104548,0.3630824,0.0048377067,-0.822682,-0.35721272,0.8962176,0.21537864,1.3809116,0.3719536,-0.16917156,0.64450634,0.4239326,-0.020401414,0.7834033,-4.51988,0.58651316,0.42157125,-0.03815651,-0.24129534,-2.2964237,-1.1163948,-0.068653464,-1.5244042,-0.11136246,-1.1297591,-0.513265,-1.9838,-0.77874494,-2.1182044,1.9328806,-0.5202041,-0.722684,-3.398944,-0.38004178,-0.042476863,-1.3201846,-0.9952302,-0.92532027,-0.883921,-0.91564405,-1.0137103,0.13978088,-0.70824134,-0.86061436,-0.3482505,-1.1680133,0.031208903,-0.2961018,-0.15710366,-0.7218704,-0.8546171,-0.6565464,-0.7061528,-0.6759919,-0.08132334,-0.87723863,-0.012573838,-0.33125308,-0.9731236,-1.2907751,-0.8661778,-0.310919,0.22424066,-1.174655,-0.9892639,0.65824294,-1.2497306,-3.0011086,-0.8114119,-1.2908711,-1.0393535
3,Topic3,-0.32857227,-0.0386827,-0.03746543,-1.287829,-0.2169801,-0.833342,-0.063750625,0.10767174,0.31585532,1.4938071,-1.0704086,-0.75988203,-0.36544454,-0.08578038,-0.6548868,-0.53807557,-1.0368158,0.07785249,-0.40115818,-0.22520697,-0.41524017,0.064973116,-1.0212945,-0.427166,-0.30042565,-1.3756454,0.09879756,0.5401844,-0.7749055,-0.6030432,-0.98822844,0.17531908,-0.187098,0.078819126,-0.21481362,-0.0120911,0.27104282,-0.062389314,-0.52042925,-0.7618447,-0.00546968,-0.30814856,-0.6265615,0.5378828,-0.06659019,-0.25680053,-0.121207595,0.12542272,0.19628471,0.12828588,-1.1145754,-0.2750088,-0.52173954,-1.2911813,-0.70240915,0.0375942,-0.13048398,-0.9064298,-0.7554048,0.17318238,-0.28277767,-0.2883805,0.33203006,-0.72311056,-0.41956854,-0.4525053,-0.14880311,-0.113538116,-0.50127953,0.13156796,-0.49766317,-0.4185932,-0.5816562,0.077732265,-1.4643048,-0.5022832,-0.24498308,0.28141403,-0.61565626,-1.1264663,-0.43934,0.6990162,0.068547845,0.00013324618,-0.046253115,0.83067155,1.4460733,-0.65909815,-0.036638677,-0.6715703,0.18654168,0.32632244,-0.2979321,-0.27948546,-0.35341954,0.09906562,-0.49013865,-0.6983419,-0.4894001,0.24385083,-0.79886436,-0.15247604,-0.33859003,-0.4375536,-0.04199612,0.23711997,-0.4241085,-0.23100592,-1.0029017,-0.5418445,0.20184946,-0.23266494,0.9809449,-1.3808703,-0.39655137,0.42056948,-0.42706192,-0.09285188,-0.8341323,0.27446604,0.15291643,0.10102126,-0.3641584,0.0634343,-1.0142535,-0.6188905,0.24457532,-0.7468933,-1.4867244,-0.28806746,0.17875677,-0.18152028,-0.5045041,0.4061544,0.80503535,0.47947687,-0.33233574,-1.3869387,0.13453496,-0.91175604,-0.16546845,-0.33763123,0.54618007,1.3565413,-0.34711576,-0.44880933,-0.12977105,0.07274252,-1.0637684,-0.27751997,0.64110965,-0.52528703,0.28563988,-0.6162331,-0.5654589,-0.28518808,-0.12973356,-0.36624816,-0.8136084,0.010617137,0.47560704,0.36319625,-0.03736821,-0.08238715,-0.48372608,-1.8303244,-0.14915016,-0.16285539,-0.023931742,0.4228298,0.9970393,-0.3033021,-0.60052013,0.19075598,-0.58040863,-0.20583212,0.17723781,-0.73508215,-0.862443,1.6356236,-0.26577693,0.3108523,-0.70115834,-0.32641864,1.626377,0.198555,-0.20271993,0.05448407,-0.19588822,-0.12451601,-0.98923904,-0.03877888,-0.36399934,0.2257427,0.9049468,-0.3234983,-0.82313347,-0.045966867,-0.5798577,-0.8523629,0.13690823,-0.41539684,-0.32540354,-0.0808872,-0.64402384,-0.3937766,-0.41474104,-0.123302594,-1.468249,-0.02154702,0.124377966,-0.3456428,-0.39772946,1.4522232,-0.19085002,-0.05646521,0.09852767,0.56846976,1.3113953,-0.45725617,0.7443609,-0.30580467,0.2278609,-0.017568111,0.22415203,-0.6639755,-0.38152,-1.1032228,-0.06266568,-1.4772227,-0.038759135,-0.36450624,0.7494981,-0.4515131,-0.13619113,-0.2472117,0.0006096605,-0.095624425,-0.82586396,-0.15587223,-0.7068628,-0.73635274,0.5072596,-0.09337747,1.134692,1.0082929,-0.4581553,0.15063971,-0.15150085,-0.082957864,-0.41137397,-1.2688928,-0.8023228,-0.95327884,-0.884749,-0.26805574,-0.7577789,1.5045328,-0.17552549,-2.242023,-0.39436495,-0.1460517,-0.3733644,-1.3498912,-0.8693699,-0.7364554,-0.556646,-0.08236581,-0.18313342,-0.4637044,-0.8444346,-0.5789312,-0.80615574,-1.1135663,-0.9800284,-0.3899471,-0.38182548,-0.6052178,-0.8667501,-0.036955953,-1.0702542,-0.76466984,-0.7884667,-1.17447,-0.8826541
4,Topic1,-1.0789351,-0.08382891,-3.355585,0.25062934,-0.2816915,0.30254197,-0.37296915,0.030976914,-1.8717005,-0.37112206,0.66043425,-0.59660435,-0.44203192,-0.013484545,-0.5772015,-1.4130005,-0.043725763,-0.29442,0.75669944,-0.3197091,-0.1609405,-0.4737149,-0.030795978,-0.2516993,-1.8335212,-0.3333004,0.5700542,-1.1897624,0.05067396,-0.39923143,0.2649749,-0.7360083,-0.110576384,0.46783555,0.14462766,-0.39612436,-1.01882,-0.0385219,-4.293741,-0.656772,-0.28294253,-0.035393003,-0.06415552,-0.12048252,-0.7003639,-0.6126746,-0.46235633,0.012923524,-3.961408,-0.033805568,-0.5473847,-0.32842636,-0.69342136,-0.70205677,-0.3212968,-0.82674575,-0.17309883,1.3385558,0.2593355,-0.01981149,-1.4802676,-0.0726129,-0.05415962,-0.42434007,-0.007350594,-0.17149904,-0.19755548,-0.025248248,0.06122689,-0.18025279,-2.5201595,-0.048951115,-0.46037015,-0.078341424,-0.7432303,-0.07640707,-1.3029788,-0.021557882,0.10560973,2.0088134,-0.0923187,-0.3039386,-0.83584523,0.0038047154,-4.6741385,-0.53046674,-0.32535473,-0.2747091,-0.33982328,-0.84829104,0.049281307,-0.52715075,-1.0537024,0.1928018,-0.08892472,0.015811369,-0.6218186,-0.7916949,-0.15681976,-0.63859546,-0.6842213,1.5012407,-0.63425124,1.0456967,-0.39707592,-0.11884172,0.01498235,-0.00082717463,-0.25386462,-3.5139472,-0.35558033,1.8683126,-0.06848833,-0.5627816,-2.6266103,-3.674691,-0.13380557,-0.5866002,0.28810006,0.1379627,-0.19992271,-0.0038652103,-0.08813746,-0.0842856,-0.6265777,0.096929014,-0.29906327,0.10800207,-0.12313194,-0.4455609,-4.4043536,-0.3964095,-0.5497155,-1.451184,-3.6570072,-4.5937467,0.6440137,-0.08774938,-0.23443124,-0.12954529,-0.5104214,1.4974971,-0.96942735,-2.4178329,-0.12352131,-0.025888212,-0.84236133,-0.52221733,-0.27141595,-5.073394,-0.2859468,-0.021865455,-0.79861546,0.009299759,-0.9478515,-0.034196224,-0.021000315,-0.05395819,0.0931533,-1.6309915,-0.1374319,0.0068502296,-0.15271157,0.5530051,1.4357705,-1.2792687,-2.0500343,0.016647892,-0.084135406,-4.4646177,-0.38347834,-1.4500093,-3.3036091,0.13351262,-0.040163666,0.089766026,-1.0941863,-1.0052713,-0.47175103,-0.39699727,0.09118077,-0.020953912,-0.10341176,-1.4828527,-0.15769154,-0.049517937,0.24637377,0.022582743,-0.6493042,-3.0701926,-0.2171921,-0.68205756,-0.13476266,-0.06366246,-0.4173239,-0.2414498,-0.64519006,-0.16633654,-0.43507877,-0.17628074,-0.17060721,1.4037955,-0.25014478,-3.6786647,2.7000074,-2.1644297,-0.49560994,-0.04629968,-0.8929363,-1.8070625,-0.008358989,-0.02435345,-1.9369138,-0.21369186,-0.1253692,0.009787351,-4.7972536,-0.04236739,-0.523911,-0.044483136,0.012516821,-1.8464029,0.0050546173,-1.7560402,-0.110691786,-0.37355676,-2.392658,-0.9097439,1.7096517,-0.7874083,-0.59047484,-0.1129353,-0.73697996,-0.18441051,-1.0584404,-0.019756682,-1.0920095,-0.3636501,-0.26198405,-0.29778215,-0.22465388,-0.71298766,-0.280277,-0.17731515,-0.03966719,-0.8196967,-0.3497717,-0.6038544,-0.9479315,-0.6047654,-0.68174887,-0.9516556,0.21209496,2.150643,-0.15602261,-1.4283237,-0.677322,-0.42913768,-0.6452525,-0.91297126,-0.25582233,-0.26227856,-0.92877805,-0.8060882,1.9069722,2.5952466,-0.92101055,-0.24746993,-4.4942064,2.7515118,-0.26659757,-0.4591446,-0.78036773,-1.361895,2.7187977,0.09139955,-0.5627789,-0.37611425,-1.1790195,-0.7431605,-0.769843,-0.3657329,-0.4188856,-0.009441078,2.0516562
4,Topic2,0.008436009,-0.053757794,-0.5044264,-0.025358012,0.9679911,-0.080978066,0.03248787,0.3817352,-0.06942631,-0.6161916,-0.2629797,-0.7525772,-1.8456612,-0.5310911,-1.3143817,-0.6879446,-2.5059803,-1.6088014,-3.4739747,0.39475778,1.5786464,0.2592638,-2.4318614,0.17377424,-0.0015108986,0.00074101985,-1.2682366,-0.41396987,-0.6053786,0.97975457,-1.2155416,0.044863343,0.5911929,-1.3562851,-0.023086369,-0.41495326,-1.2781637,-0.24382186,-0.036081694,-0.5509885,0.56707144,0.5512055,-3.3860936,0.1086275,0.502193,-2.4100785,0.44547272,-1.6959983,-0.06894853,1.098282,-1.7520452,-2.8825796,0.12493622,-0.44256294,-2.6046512,-0.013219207,1.8271418,-0.011925213,-0.045572266,-0.2783079,-0.06202193,-0.21744761,0.59553546,-0.28709394,-0.5428574,-0.004001975,-1.5910013,0.73397636,-0.92509437,0.48287106,-0.022241898,-0.45693326,-0.31176695,1.10994,0.012051672,-0.59876156,0.0018311162,-1.8492863,-1.2980106,-0.49095818,-0.9458008,-0.6242381,2.1917858,-0.8928391,-0.7759478,-3.6529534,-2.1130488,-0.41738594,-4.263443,2.2075667,0.25619042,0.018689007,0.39216352,-1.6329952,-0.09357336,-0.29276356,-0.7220904,-0.99327403,-2.8259244,-1.3086607,-0.7807871,-0.048840344,-0.4540562,-0.326661,-0.08426182,-4.1860046,-1.3630464,-2.4685662,-2.162952,1.8418276,-0.50889045,-0.046092894,-0.16086562,-3.2198677,-3.521094,0.41580787,-0.17653242,-0.3346749,-0.34051448,-2.0388842,-0.11903666,-0.25140595,1.6965663,-0.07255125,-0.5953079,-0.16332662,-2.114906,-0.41336212,0.05924081,-0.3238647,-0.54074,-1.2981892,-0.009005435,-0.73385876,-0.2968694,-0.44153935,-2.3225112,0.5313927,0.8436749,-2.7339678,-0.21070969,-2.0193615,-0.3054374,-0.16428746,-0.12100065,-1.2781687,-2.0345752,-1.1060472,-1.9481181,-0.034175646,-1.4798137,-0.31287426,-0.19804895,-0.23026145,-1.6134508,-0.48401105,0.48878908,-0.32419777,-0.5165133,0.9446953,-2.4914744,0.09247778,-0.32946384,-0.049632907,-1.1210899,0.4270537,-0.3810653,-0.1162732,-2.440003,-0.17623134,-2.0467086,0.9844408,1.190457,-1.1278242,-0.7329922,0.08526537,-0.40691778,-1.1070122,-0.6122807,-0.46587935,1.4848809,0.25335187,0.9870428,0.8296561,-0.8795923,-0.19604257,-0.064599134,0.30518556,1.7300681,-0.3446058,0.64610535,-3.524433,-0.37553826,-1.7951546,-0.7475748,0.049534485,1.234566,-0.06548004,-1.8216696,-1.7050449,0.2108325,-0.2353086,-1.7118435,0.7059367,-1.3338016,-0.5692875,-0.02550459,3.4927185,0.44316387,-0.72852945,0.9771228,1.1785697,-0.057495333,-0.5246773,-0.6255227,0.05333197,0.0075789243,-0.9800148,-0.37746832,0.9728259,0.17639863,1.4128122,0.29076552,-0.15380067,0.7382108,0.41379827,-0.022966182,0.6558132,-4.7948236,0.9336088,0.39962608,0.19037521,-0.24754262,-2.0023746,-1.1595005,-0.054950953,-1.5845207,-0.12214875,-0.8231031,-0.49390173,-1.6023964,-0.6990511,-1.9697909,1.9404969,-0.4665954,-0.8549606,-3.4633555,-0.33151996,-0.022454053,-1.4438633,-1.0158224,-0.717379,-1.0708842,-0.9940584,-0.7758218,-0.15192974,-0.6904261,-0.8560857,-0.27095228,-1.063499,-0.017771304,-0.29515302,-0.05979699,-0.66293705,-0.9400529,-0.6372799,-0.85907793,-0.70557207,-0.08017023,-0.8160862,-0.07486901,-0.3008006,-0.86977583,-1.3756936,-0.94796586,-0.26094964,0.07594293,-1.2160943,-0.8644413,0.47746074,-1.1301339,-3.3024158,-0.6760173,-1.2089741,-0.93307585
4,Topic3,-0.29547963,0.6269741,-0.02747848,-1.4186542,0.2169118,-0.80538756,0.18700695,-0.3752147,0.3392148,1.7495341,-1.1560448,-0.9222026,-0.6679345,-0.16019917,-0.678731,-0.5968128,-2.2633986,0.60070485,-0.46563378,0.2038042,-0.32935518,-0.092674255,-4.062303,-1.0853988,0.26478368,-1.3105183,-0.1793893,0.8086854,-0.7777791,-0.66516906,-1.3018931,0.16038805,0.16376752,0.27169636,-0.28563097,0.35249585,0.6401322,-0.40737015,0.08951169,-0.6928998,0.28113163,-0.49537092,-2.022375,0.3613286,-0.26929092,-0.5634432,-1.2066894,0.58868384,0.19039702,-0.5028492,-1.3659511,-0.3129297,-0.5785653,-1.5413818,-0.6663168,-0.37147823,0.0004246235,-0.9791019,-0.7437922,-0.27952087,0.06700149,-0.31420702,0.67588246,-0.7487506,-0.599037,-0.24580628,-0.3503034,-0.11031554,-0.8256371,-0.25722456,-0.2502694,-0.33470708,-0.5214888,0.62233615,-1.1479075,-1.0373433,0.4842372,0.8844196,-0.8544736,-1.5364162,-0.3621101,0.62607,-0.008934379,-0.51041913,-0.0060150474,0.97056794,1.6371868,-0.8823749,-0.053453535,-0.571125,-0.60717386,-0.081517816,-0.104335874,-0.34650257,-0.19503951,-0.48519897,-0.37752876,-0.72857726,-0.6099307,0.26872975,-0.7475202,-0.39313817,-0.2468799,-0.5789757,0.19829142,0.26289046,-0.45670933,-0.3102176,-1.4331536,-0.50319654,0.40703464,-0.62852705,1.0485473,-2.2382927,0.07103199,0.60611904,0.14156485,-0.78545094,-0.93593794,0.18094254,0.1655662,-0.3384292,-0.54918563,-0.48883745,-1.1434307,-1.0988436,0.47415543,-0.57810825,-1.5295444,-0.21716896,0.7632606,-0.17639406,-2.5235233,0.5768433,1.082082,0.6903095,-0.6058123,-1.455529,0.20466888,-1.4033244,-0.41990197,-0.45667562,1.0917993,1.8309437,-0.3715587,-0.87282073,0.12746936,0.4074558,-1.5105081,0.100085855,0.5949249,-0.3934287,0.2893577,-0.38594234,-0.15685403,-0.08337021,-0.5151999,-0.266856,-0.9551672,0.48077428,0.67409956,-0.18701346,-0.0788746,-0.7981778,-1.1722102,-1.977762,-0.11813344,0.28197813,-0.10629678,0.7648487,1.5133119,-0.29095882,-0.5086937,0.3995099,-1.4847506,-0.5348607,0.72270584,-0.318178,-0.8384852,1.5900272,-0.18376055,-0.4519776,-0.5647403,-0.55762726,1.775454,0.20714962,-1.9086474,-0.39832386,-0.24197236,-0.0086016655,-1.1565418,-0.015214108,-1.1176147,0.14561522,0.8450999,0.08065325,-0.76285887,-0.052220605,-1.0508384,-1.6754206,-0.50460976,-0.6259737,-0.78362846,-0.07504534,-0.76417124,-0.37536174,-0.41023922,-0.1259408,-1.116033,0.1512028,-0.5477402,-0.9574268,-0.07929003,1.6773518,-0.7571402,0.19378373,0.17574292,0.62511253,1.4636412,-0.586975,0.972702,-0.37128237,-0.32745284,0.40853554,-0.36998102,-0.23858327,0.12972213,-1.0480672,-0.04153512,-1.5618927,-0.04532818,-0.062033534,0.5385299,-0.22369194,-0.11226207,-0.7102878,0.0014603427,-0.095216416,-0.8289724,0.466842,-0.2707076,-0.6175421,0.40700328,-1.1880391,1.3025807,0.95088243,-0.4585529,0.4371879,-0.07135931,-0.10383639,-0.48202094,-1.0432299,-0.7643818,-1.0314952,-0.7181271,-0.22523089,-0.77009165,1.7631493,-0.25206742,-1.9366827,-0.40254593,-0.13659215,-0.27736545,-1.3221118,-0.92224145,-0.70983,-0.6616045,-0.09049401,0.10046893,-0.41155368,-0.8897153,-0.53442925,-0.6710146,-1.1772519,-1.0075095,-0.3144116,-0.3781641,-0.6080723,-0.74118173,0.19157016,-0.9629482,-0.8917525,-0.64836025,-1.3625923,-0.77706254
5,Topic1,-0.22854236,-0.07710616,-4.157578,0.22556752,-0.30128688,0.27954733,-0.5094141,0.026341867,-1.9940746,-0.17574622,0.5494318,-0.45050573,-0.5275874,0.014634736,-0.5465764,-1.7433196,-0.02965143,-0.3784337,1.044297,-0.32625896,-0.10330927,-0.4257273,-0.0324907,-0.23053136,-1.7546775,-0.2745052,0.59579736,-1.242995,0.057861403,-0.4557078,0.22046912,-0.7196866,-0.12446348,0.43185347,0.12357023,-0.41906953,-1.7178347,-0.041112922,-4.5726304,-0.56406784,-0.22319376,-0.0510883,-0.09376142,-0.11602674,-0.6356687,-0.50049365,-0.48214126,0.02345793,-4.4359465,-0.03282917,-0.4343182,-0.33279565,-0.5631107,-0.63069916,0.67190504,-0.33526516,-0.19674835,1.457037,0.27504185,-0.05271578,-2.2338405,0.011613578,-0.046894655,-0.6669992,-0.007902922,-0.18527502,-0.36189914,-0.028769393,0.061913677,-0.16950846,-2.7989779,-0.056728236,-0.47974876,-0.070327304,-0.738913,-0.05417154,-1.4495316,0.0063620806,0.10966183,2.1896877,-0.104791045,-0.54658055,-0.8336267,0.010209072,-5.920038,-0.6141881,-0.03178242,-0.2034895,-0.3129027,-0.6221647,0.0354096,-0.6140933,-0.8519348,0.31608462,-0.7136733,0.012510419,-0.8129514,-0.6695021,-0.16299844,0.13994443,-0.7512253,2.1751015,-0.45811746,1.1561935,-0.38886148,-0.10522712,0.020519938,0.0031111948,0.071152434,-4.0643616,-0.8204448,1.9396693,-0.14515588,-0.29987907,-3.029206,-3.2802417,-0.15653697,-0.39288664,0.11143184,0.2655021,-0.14887133,-0.0067291483,-0.09055224,-0.09900717,-0.6918543,0.098463744,0.02422984,0.09355441,-0.11827984,-0.3364855,-5.076668,0.2893045,-0.74011874,-1.7949388,-3.9850895,-4.6513753,0.7234777,-0.16512607,-0.27257043,-0.12627062,-0.44562364,1.7297909,-1.5472714,-2.9275572,-0.07956074,-0.021701202,-1.5196381,-0.540774,-0.21623665,-5.3842845,-0.3337287,-0.014739916,-0.8366869,0.0011181999,-1.0670737,-0.026775656,-7.763505e-06,-0.05947242,0.21663427,-1.6677052,-0.24643856,0.0038782544,-0.09089279,0.6897396,1.4549508,-0.7789748,-1.6633226,0.016686548,-0.0016760603,-4.820962,-0.13288279,-1.9194156,-3.9288895,0.18714094,-0.021568298,0.07147542,-1.6306082,-0.9349974,-0.3723874,-0.32951206,0.09458895,-0.06821351,-0.11880689,-1.5348487,-0.1694423,-0.08792992,-0.12842774,0.01669544,-0.6404791,-2.884853,-0.24860539,-0.09082699,-0.12533411,-0.06037736,-0.37964776,-0.2910814,-0.453745,0.5258342,-0.76192033,-0.16258813,-0.16661328,1.4738624,-0.051801182,-4.149955,3.3070302,-2.693747,-0.32650554,-0.088447064,-1.0377789,-2.0790646,-0.02488938,-0.0345659,-2.4079313,-0.21440832,-0.1256292,0.016885094,-4.971742,-0.04790388,-0.49651307,-0.051799975,0.008971192,-1.77632,0.008574244,-2.2437189,-0.24449894,-0.34686935,-2.6312337,-1.4735409,2.2873948,-0.46584922,-0.5676384,-0.07864516,-0.8511189,0.17457807,-1.2816448,-0.019661829,-0.67362994,-0.3669911,-0.11484255,-0.08013775,-0.2606412,-0.81854737,-0.20348513,-0.20147976,0.45939338,-1.1376787,-0.54581225,-0.57773644,-0.826875,-1.0644139,-0.7407517,-1.2247372,-0.055964172,2.7679658,0.0015859306,-1.5609922,-0.78864986,-0.10890871,-1.0708559,-0.68515605,-0.52711654,-0.19344193,-1.0653067,-1.0027232,1.9411402,3.2486863,-1.0005523,-0.14281079,-4.817041,2.9431677,-0.37156543,-0.24975319,-0.73959076,-0.95607066,3.2853007,-0.052295804,-0.6378447,-0.5788841,-1.1591201,-0.85719025,-1.1137114,-0.87699074,-0.3021655,-0.10122049,1.8361826
5,Topic2,-0.0023420956,-0.054979563,-0.6947654,-0.02209169,0.8548547,-0.1109241,-0.054276884,0.4097947,-0.09133438,-0.36499014,-0.3325358,-0.6087299,-1.9526632,-0.5778562,-1.307287,-0.5322066,-2.8576126,-1.5989364,-3.3546653,0.39767608,1.868437,0.3902132,-3.2679796,0.13127443,-0.0027697077,0.13786218,-1.4909611,-0.5081917,-0.8552425,0.9944891,-1.0008104,0.50569403,0.705147,-1.245949,0.23206767,-0.3644211,-1.1415414,0.06301975,-0.042918175,-0.46264374,0.35727644,1.0729134,-3.4461293,0.15417433,0.46886718,-1.9802511,0.47410786,-2.0080044,-0.26121333,1.0628946,-1.5201062,-2.8769646,0.24689013,-0.37744978,-2.2500358,-0.0058482047,1.8939981,-0.014319003,-0.03576681,0.2000829,-0.053913686,-0.082058825,0.4363814,-0.5165612,-0.7055602,0.11536816,-1.8386605,0.6998174,-0.87277055,0.6934369,-0.025146093,-0.5622499,-0.29936934,0.82018185,0.04995627,-0.49782968,0.0043376535,-1.8020368,-1.2019517,-0.35934395,-1.1730123,-0.7715424,2.2338274,-0.78217775,-1.4387949,-3.4303885,-1.903336,-0.11729646,-4.156513,2.8327463,0.37507856,0.0031597316,0.89660096,-1.4277555,-0.042398788,-0.204741,-0.96697783,-0.8797631,-2.4880948,-1.0473602,-0.82044303,-0.07068434,-0.24737138,-0.30402192,-0.12237762,-5.0815935,-1.2094063,-2.8851182,-1.5920174,1.8512592,-1.0250247,-0.036738735,-0.17424755,-2.9309247,-4.18628,0.1309657,-0.04122597,-0.17104049,-0.5711177,-1.9311671,-0.07081529,-0.06571782,2.2462032,-0.054637596,-0.6509541,-0.1259104,-1.8518059,-0.46109846,0.049907573,-0.23678151,-0.6878666,-1.1435536,-0.010607131,-0.83498603,-0.2542521,-0.26626107,-2.3732512,0.5972095,0.8318422,-3.1849442,-0.15948898,-2.0529828,-0.10158417,-0.13749607,0.3526678,-1.2384281,-1.9491405,-0.5676322,-1.4370446,-0.021802489,-1.6386099,-0.44083565,-0.21655296,-0.17281497,-1.5817806,-0.7601032,0.33949023,-0.24242139,-0.41476113,0.71612835,-2.8607254,-0.010796048,-0.06656861,-0.066083536,-1.2554938,1.2489424,-0.3276274,-0.09972118,-2.4064488,-0.22025974,-1.8246058,0.9723327,1.445778,-1.32859,-0.6971486,0.22008708,-0.9141664,-0.7976258,-0.55688405,-0.43142384,1.4511551,0.35198826,1.0155287,1.0007844,-0.9464359,-0.22876945,-0.05775995,0.2736534,1.9000461,-0.37461352,0.9535574,-3.9669287,-0.37345156,-2.1173131,-0.71832705,0.050334387,1.270694,-0.081685916,-2.2235167,-1.2227015,0.1659933,-0.12135163,-1.428689,0.63131344,-1.3572689,-0.51702285,0.703429,3.6566367,0.13456273,-0.7188134,1.1368861,1.3967615,-0.047861516,-0.57562447,-0.5835757,-0.1771661,-0.068020344,-1.2290894,-0.33543617,1.2796687,0.27132225,1.4773027,0.5666181,-0.08775312,0.8640895,0.41266984,-0.021130389,-0.056049943,-4.9831085,1.7351515,0.3632881,0.23830521,-0.42490503,-1.4270148,-1.3874346,-0.29244876,-1.6656244,-0.017202139,-0.6140092,-0.5017357,-1.4867225,-0.8205655,-1.8626461,1.8829417,-0.549945,-1.1787412,-3.5902414,-0.33662224,0.01598078,-1.9640536,-1.0672103,-0.9349754,-1.5975463,-0.87447274,-0.53443146,-0.45943296,-0.8212939,-0.6054841,-0.64616054,-0.86464745,-0.34802365,-0.25090182,-0.25051504,-0.8580036,-1.4614484,-0.43184298,-0.97451687,-0.601861,-0.19658063,-0.90708566,-0.19415,-0.090789914,-0.84029317,-0.99068457,-0.82792974,-0.4171902,-0.13428351,-1.4304005,-0.76224875,0.2197206,-1.4675689,-4.0343843,-0.58445114,-1.2733738,-1.309099
5,Topic3,-0.27810904,1.2697262,-0.04263123,-1.5520457,0.572354,-0.7952581,0.39110243,-1.1507972,0.35321242,2.1615841,-1.3771722,-0.7843526,-1.0481164,-0.22462434,-0.6727616,-0.44211435,-2.966301,0.7525425,-0.3285037,1.3875399,-0.17418522,-0.22769916,-6.9864616,-1.73024,1.12285,-1.1237947,-1.0091602,1.0076709,-0.7323898,-0.68631935,-1.5688471,0.15895212,0.7557894,0.47344303,-0.3172878,0.46044368,0.87284255,-0.7889406,0.08708459,-0.6000154,0.5415231,-0.67155904,-2.3647518,0.19860855,-0.28394163,-0.64442897,-1.9760658,0.94982433,-0.12202951,-1.3049195,-1.5441204,-0.31317857,-0.49213338,-1.4994512,-0.3157108,-1.2110674,0.12761158,-1.0387144,-0.74339116,-1.5523354,0.5850565,-0.24277501,1.0086377,-0.9889751,-0.6477771,0.12596542,-0.8359181,-0.09101479,-1.1905673,-1.279661,0.1343885,-0.24026869,-0.52313167,1.314087,-0.7910841,-1.2923926,1.4551136,1.3194127,-1.0983676,-1.6631389,-0.30784735,0.4559306,-0.28305924,-1.1157438,0.012588616,0.9586954,1.9853928,-0.9386395,-0.08062522,-0.3256455,-2.0831983,-0.46512043,0.18922508,-0.36863232,0.028267026,-1.2810642,-0.4988588,-0.61618084,-0.6200954,0.6574213,-0.7875491,-0.6351969,-0.049386248,-0.7196487,-0.14691854,0.19036838,1.3311881,-0.27434272,-1.4940976,-0.53779614,-0.13157153,-1.0231383,0.93029237,-2.5729623,0.17964697,0.63175714,0.9832034,-1.4319282,-1.2827287,0.20042658,0.21966696,-0.9577338,-0.8667122,-1.3431926,-1.3546054,-1.4416493,1.1357682,-0.42617124,-1.5565797,-0.10855846,0.8923454,-0.14849928,-2.951078,0.68455553,1.4081892,0.96438324,-0.78238285,-1.5185145,0.11419737,-1.7126931,-0.6013782,-0.5499193,1.949399,2.218128,-0.31192476,-1.340848,0.92646766,0.6961627,-1.7737427,0.41498667,0.41323948,0.6437588,0.27352744,0.25981835,0.057931066,0.12182915,-1.4678248,0.49382555,-0.7679093,1.0011967,0.7411642,-1.9449255,-0.049150676,-1.6220163,-1.5511092,-1.6721983,-0.03039658,1.3070017,-0.17256379,0.8278694,2.239781,-0.2998706,-0.5237468,0.67950296,-1.8248936,-1.0351578,0.45274818,0.12869537,-0.7815474,1.5558357,-0.038342327,-1.53506,-0.43966407,-0.84180385,1.5928028,0.16449463,-3.3082376,-1.110806,-0.25619704,-0.3753649,-1.1937201,-0.028154097,-1.8667263,-0.13250387,0.7321249,0.51262695,-0.6080587,-0.06420334,-1.7303807,-0.90360606,-2.3106709,-0.81519985,-1.1595173,-0.068183474,-0.9821353,-0.3162235,-0.34711075,-0.17813309,-1.1109722,0.16588742,-1.6807909,-1.5601048,0.5123668,1.6390612,-1.3630482,0.35964888,0.17119044,0.3204556,1.6275357,-0.6994581,1.1456132,-0.37862384,-1.4264008,0.9513308,-1.392025,0.46592915,0.9722977,-1.5589116,-0.027204905,-1.3489091,-0.03931565,0.8328395,0.1760943,0.4086367,-0.27664208,-0.77870977,0.0015876535,-0.10995755,-0.7734882,1.431631,0.44166875,-0.69642895,0.44679374,-2.014078,0.9924443,0.71850204,-0.66260815,0.69155705,0.011544317,-0.53242195,-0.5782733,-1.2400664,-1.0790133,-0.9102648,-0.5539763,-0.29743454,-0.9399432,2.0707412,-0.79761577,-1.57964,-0.69464296,-0.08523357,-0.46001232,-1.5305865,-1.4169457,-0.500903,-0.7198401,0.02185148,0.1461001,-0.52377695,-0.9778911,-0.29540804,-0.6051417,-0.7780029,-0.84050417,-0.4508773,-0.43342295,-0.79295975,-0.6357448,0.16184747,-1.3083196,-1.452392,-0.55433506,-1.6122699,-1.1467168
6,Topic1,2.8587909,0.0049071684,-3.7665455,0.16144678,-0.3328374,0.2755159,-0.5561799,0.0131493695,-1.9921067,-0.43730503,0.41327894,-0.46204382,-0.28711927,-0.018765584,-0.39649254,-2.9794009,-0.022243205,0.8026192,1.2874578,-0.30502772,-0.19837637,-0.41150278,-0.030958384,-0.10172648,-1.3571594,-0.41352737,0.66804063,-0.849431,0.02581659,0.12598765,0.026946485,-0.7991047,-0.18761241,0.17073143,0.064670816,1.3552799,-3.5671582,-0.03212156,-3.6906118,-0.514405,-0.2287581,-0.06592341,-0.076443285,-0.07885535,-1.1446959,-0.5935212,-0.8175039,0.022520393,-5.251681,-0.023357444,-0.40344048,-0.27984604,-0.49454615,-0.53139055,3.0640202,-2.4210303,-0.23637909,-0.8585273,0.21013314,-0.018264826,-3.6529202,-0.12902722,-0.037449196,-0.33149418,-0.044855095,-0.2364698,-0.052277833,-0.08317309,0.06918369,-0.18120188,-2.4562712,-0.072914906,-0.5164578,-0.019765804,-0.79452205,-0.09977609,-1.5656111,0.04496804,0.1383884,1.7167854,-0.13062754,-0.4741103,-0.6347271,0.033309653,-4.9482794,-0.5707517,-0.3164462,-0.42069936,-0.3413338,-0.9079006,0.07182251,-0.53744084,-1.1727889,0.09620005,-3.4992385,0.035902634,-0.61593604,-0.77770835,-0.15609783,2.2575428,-0.8343886,3.9477282,-0.58167493,1.3172607,-0.1841842,-0.08969344,0.007232059,0.0011973549,-0.27233583,-4.8106346,-0.1604292,1.3297365,-0.34091032,-0.35988957,-4.7306356,-2.1538525,-0.1454468,-0.4958467,0.42889214,0.14211059,-0.1567258,0.009413227,-0.1056536,-0.16449842,-0.46800646,-0.048734166,-0.059708714,0.0127185285,-0.11481019,-0.5299609,-5.845472,1.6680748,-0.75637937,-1.7348963,-4.380714,-4.2172666,0.8972213,-0.34421068,-0.1947267,-0.035200775,-0.3752491,2.1478121,-2.6586204,-3.938016,-0.17393875,0.062815994,-0.2650333,-0.60776925,-0.21484597,-5.527405,-0.07541332,-0.012129333,-0.86943704,-0.019373853,-0.97681725,-0.027335055,0.013127863,-0.062399216,0.26178646,-1.1838485,-0.20581926,0.047614828,-0.16366914,1.8545789,1.5630585,-1.3681047,-0.13276756,0.033675816,0.04336822,-6.80067,-0.22090225,-3.5852113,-4.830016,1.4861646,-0.023306161,-0.10542755,-3.5694766,-1.2921513,-0.35645494,-0.30124247,0.022586986,0.0063625798,-0.20115535,-1.7304327,-0.15777822,-0.10346322,-1.8273668,0.027088232,-0.62115806,-1.9354533,-0.42546165,-1.1425049,-0.094845735,-0.043746643,-0.32972598,-0.3998087,-0.6100735,0.5706053,-0.14499936,-0.120733544,-0.083268866,0.33554673,-0.16844255,-4.8836203,4.026548,-3.8497314,-0.5089598,-0.11499144,-1.015994,-4.3532176,0.009093508,-0.053809106,-1.4500911,-0.10468371,-0.11568537,0.00093042105,-4.11095,-0.024341475,-0.4943596,-0.06849903,0.015802257,-1.4493326,0.014870472,-2.7782145,-0.12467693,-0.34069985,-3.2293994,-0.91641235,3.1040268,-0.572996,-1.8829315,-0.052344784,-0.5422323,0.034375757,-1.08763,-0.016999053,1.7502826,-0.31242839,-0.32994202,-0.2769188,-0.16863354,-0.5959637,-0.08562493,-0.1534668,-0.2328844,-0.61377645,-0.31079596,-0.5148077,-0.77233124,-0.60064596,-0.572386,-1.0762062,0.1817398,3.7620301,-0.63228905,-1.5690404,-0.47885248,-0.23832166,-0.5796216,-0.8949584,-0.044597164,-0.075602055,-0.77229387,-0.85706,2.7854965,3.504747,-0.7449286,-0.17123848,-5.016816,3.4066827,-0.21080638,-0.38353097,-0.8990639,-1.097217,3.6189146,-0.0867632,-0.5080326,-0.43732667,-1.4956715,-0.6926318,-1.0672885,-0.074718475,-0.6136603,0.013651073,2.222271
6,Topic2,-0.01016034,-0.061622355,-1.1877458,0.04608857,0.73659915,-0.097296245,0.029915512,0.8283086,-0.09404416,-0.5072546,-0.2496483,-0.65030485,-1.6446604,-0.53957176,-1.1687913,-0.68384296,-3.279756,-1.3789427,-3.018827,0.5825013,2.8061275,0.2302388,-3.619098,-0.0032690167,-0.0059642503,0.07778865,-2.9881163,-0.31442052,0.79710245,0.971884,-0.5221018,1.2717212,1.5595927,-0.7444115,0.9653429,-0.34131217,-0.8211556,-1.305418,-0.03419612,-0.4419348,-0.28329825,1.8519505,-4.4945,-1.0695987,0.39649546,-1.898046,0.5539521,-2.204518,0.0043847263,0.059583545,-3.5672314,-2.747486,0.14481133,-0.40435815,-2.9441023,-0.011122331,2.5749238,-0.024443328,-0.026023686,-0.6448765,-0.03814561,-0.07741557,0.5894146,-0.16487417,0.35984588,0.9741579,-1.8780279,1.7038379,-1.3596789,0.9304441,-0.025556816,1.4025061,-0.27275676,0.15763342,-0.005288206,0.09917855,0.011084184,-1.5644133,-1.0564597,-0.3934062,-0.036108732,-0.43811077,1.7827184,-2.5104332,-1.5444055,-2.2559268,-2.1877573,0.1693787,-3.532729,2.8476653,-0.5002364,0.110207975,0.756732,-1.3441868,-0.08772434,-0.30773073,-0.9159741,-0.96475226,-1.7143764,-1.3623171,-0.827574,-0.05507733,-0.28954232,-0.19193491,-0.056647494,-4.0101542,-0.8825689,-4.2484636,-1.3356777,1.8004589,-0.5133667,-0.058266714,-0.21811906,-2.9481912,-5.422189,-0.8077487,0.4249136,-0.318726,-0.28111342,-1.94105,-0.12955275,-1.8116546,2.180578,-0.039260253,-0.4227311,-0.104747586,-2.330925,-0.5317746,0.06275004,-0.51218396,-0.551794,-1.357262,-0.013041553,-0.89935637,-0.31144044,-0.37347633,-2.6047645,0.7646018,0.20506871,-4.834166,-0.19571315,-1.911689,-0.24561742,-0.173456,0.7612523,-2.6236289,-1.7232697,-1.1813235,-0.84201014,-0.052823596,-1.9730926,-0.20906532,-0.19479083,0.95059586,-1.4147719,0.25522208,0.15520129,0.5643153,-0.4307673,-0.14153099,-3.5980716,-0.43652347,-1.1141121,-0.049695164,-2.3219757,0.34366167,-0.38078624,-0.07976722,-2.584589,-0.20615047,-1.6710176,0.8731605,1.291365,-1.4162484,0.3064623,0.28663045,-0.6357917,-0.46708983,-0.6635537,-0.4919321,1.7169358,-0.9642366,1.047094,1.2150881,-0.89472884,-0.22652349,-0.054148898,-1.5523201,1.9723668,-0.38145342,1.4230088,-4.0018644,-0.4021883,-2.424791,-0.678959,0.035752624,0.6749625,-0.099596664,-1.8631563,-2.8723116,0.04945658,-0.06955646,-1.2559892,0.35564613,-1.1954384,-0.5211835,0.4813547,3.338789,-0.22548634,0.47869515,-0.117119074,2.0297577,-0.042216223,-1.5713937,0.15246809,0.6013962,0.019366272,-2.1744728,-0.3478021,2.0372617,-1.5477116,1.4973156,-0.21076441,-0.09892811,0.80131245,0.44274843,-0.022817368,0.15615761,-2.7687113,0.238644,0.20742248,-0.26866502,-0.31018403,-1.3627992,-1.2101945,0.32729173,-1.6284833,0.027104378,-1.2983505,0.37340355,-1.5701213,-0.68954074,-2.3126416,1.7619854,-0.47506243,-0.6671225,-2.7053137,-0.3713357,-0.15810503,-1.570814,-0.8246346,-0.6689582,-2.2720506,-1.0803779,-0.82222086,-0.46658325,-0.56175363,-0.86266816,-0.067192614,-1.1364218,0.013524443,-0.16809985,-0.25339767,-0.7109448,-1.2002541,-0.5745873,-0.8126559,-0.6526717,-0.02033934,-0.81753826,-0.10716517,-0.1788818,-0.9984025,-1.1828322,-1.2211976,-0.47003397,-0.32634205,-1.1971946,-0.9381297,0.19982326,-1.3269331,-3.5237494,-0.92463183,-0.94851285,-0.97611046
6,Topic3,-0.30733666,-0.022444129,-0.035865884,-1.6106962,0.57917905,-0.7418091,0.02185893,-0.32115737,0.27758175,1.157085,-1.4583011,-0.8006589,-1.5353278,0.32602268,-0.56665385,-0.5932297,-3.9210014,-0.33962423,-0.45792848,-0.20040703,0.039069444,0.15813673,-10.377653,-0.8950414,-0.29318857,-0.5666631,-0.23385334,1.6507015,-0.52592397,-0.79689026,-0.75039256,-0.11320126,0.3456294,0.4235673,-0.5525266,0.05576563,0.77727234,-0.78338057,-0.008579254,-0.52828693,-0.20586252,-0.7759084,-2.281592,0.20840782,-0.19121444,-0.9484709,-1.3304338,-0.057485342,-0.11272302,-0.7103449,-2.728843,-0.26764655,-0.6563105,-0.8960209,-0.7960813,0.12929547,0.14801249,-0.87113535,-0.8536268,-0.07900262,-0.21300414,-0.33328533,0.0038728714,-0.57907045,-0.100713015,-0.6976429,-1.2536657,-0.05821797,-1.4418523,0.00054621696,-0.880843,-0.19585904,-0.4812352,0.2853818,0.009200811,-0.4425602,-0.055244237,0.3916837,-1.2902654,-0.95332396,0.17235675,1.3677896,-0.5451553,-1.2241795,0.016567696,1.582057,1.0261064,-0.25413704,-0.23054746,-0.53070545,-0.51005745,-0.7684747,0.10713926,-0.6728119,0.21567586,0.2108559,-0.17665339,-0.7389897,-0.5364728,-0.1853016,-0.804461,-0.6320941,-0.15798324,-0.9448463,-2.3803704,-0.021890014,-0.0494411,-0.3825149,-1.5850981,-0.452839,0.21394461,-0.23587981,2.5935938,-2.3491106,0.35959208,1.5893178,0.16403833,-0.29553396,-1.1451279,-0.23895767,0.156744,-0.28397632,-1.0879115,0.11033058,-1.2629926,-0.90516305,-0.32728952,0.08200565,-1.7255518,-0.35513064,1.448966,-0.20776647,-3.194483,0.7404175,1.4784973,1.0613036,-2.1184344,-1.638257,0.2144463,-2.5589051,0.43357038,-0.4510095,1.3832167,2.024307,-0.3009412,-1.7778578,0.33630824,1.0440954,-1.3995723,0.769826,0.06183365,-0.74203897,0.17852706,-0.409477,-0.12857342,-0.22996593,-0.7301483,-0.33420193,-1.8512086,0.19075105,1.2988524,-0.07746768,0.21191034,-0.89637417,-1.2587262,-1.5734305,-0.07011561,-0.095265776,-1.4019969,1.5014415,1.3445792,-0.2328693,-0.5675106,0.25935155,-1.6871907,0.43314803,1.667567,0.75337696,-0.8693229,0.76279503,0.28876123,-0.035360456,0.16467792,0.20169234,2.49939,-0.14757359,-2.9098473,-0.30771673,-0.2287865,0.8405678,-0.2704361,-0.0085300505,-0.9310273,-0.5966938,0.19270778,1.3993589,-0.85213697,-0.044092298,-1.3776438,-2.1434784,-0.20923376,-1.8557214,-1.4005663,-0.059312105,-1.0805845,-0.3268159,0.039874017,-0.15296966,-0.1791895,0.41362596,-0.45921087,-1.3129268,0.112557024,1.6766963,-0.41083905,-0.4167753,0.32822675,0.47501317,1.4722538,-0.7900801,1.995914,-0.34354186,0.0046617985,0.18858635,0.15245497,-0.20980048,-0.23275733,-0.8104872,-0.033627506,-1.5351806,-0.034896594,-0.3996532,0.08296156,-0.7485031,-0.015604138,-0.6421764,-0.0039047264,-0.12494215,-0.9917042,0.9308331,-0.6782296,-0.43254194,0.3363068,-1.3885859,1.5141732,1.4448668,-0.454631,1.2489982,-0.12098357,-0.047793925,-0.45265052,-0.906303,-0.71982515,-1.0861943,-1.0512795,-0.13585326,-0.8093113,0.20547742,-0.575796,-1.70443,-0.2534185,-0.07744539,-0.37162885,-1.329249,-1.1114801,-0.648238,-0.44219217,-0.11606187,0.06768125,-0.5567963,-0.69614,-0.33524916,-0.6458304,-0.9301054,-1.1495812,-0.45927772,-0.29225165,-0.563672,-0.7983615,0.10889661,-1.1808944,-0.71686476,-0.8717561,-1.0846134,-0.7706259
7,Topic1,3.456349,0.020756043,-2.8949146,0.1476742,-0.3087924,0.27791712,-2.3747408,0.010121625,-1.9339392,-0.4039953,0.4146744,-0.40146026,-0.23370855,-0.07479904,-0.47091374,-3.1146417,-0.019091655,0.98544216,1.2853239,-0.30147973,-0.23834345,-0.5211925,-0.025817705,-0.061451443,-1.3299384,-0.5237632,0.6868553,-0.8468377,0.013039008,0.16658068,-0.02170819,-0.9126313,-0.1773074,0.0376191,0.066568434,2.3572056,-3.7485693,-0.041078463,-4.071416,-0.5042994,-0.23230402,-0.04478393,-0.051587567,-0.040900864,-1.9073169,-0.6211352,-0.89814943,-0.0029039122,-5.313615,-0.006507354,-0.15280366,-0.22935435,-0.55497956,-0.5567173,3.7361221,-3.063223,-0.23624703,-1.3650559,0.15234336,0.0037118886,-3.7479858,-0.21747912,-0.03896733,-0.3152515,-0.06220586,-0.22836846,-0.07733685,-0.10083244,0.08224248,-0.20698896,-2.3315306,-0.08288543,-0.48921564,-0.018872099,-0.8882282,-0.21650636,-1.550031,0.07890868,0.11879973,1.5757654,-0.23612839,-0.37658605,-0.597522,0.046262175,-4.5136375,-0.59192264,-0.26209736,-0.4297505,-0.4508363,-1.0434942,0.08185928,-0.5030444,-1.6944952,0.1610136,-3.9315312,0.049208596,-0.81207424,-0.81647485,-0.15613803,2.7059145,-0.7541333,4.240138,-0.6210135,1.3169272,-0.26976442,-0.031077826,0.008352462,0.012175005,-0.4333689,-4.8426943,-0.1860742,1.1709888,-0.45267928,-0.5256839,-4.8499675,-1.9419976,-0.17811862,-0.4369905,0.38778973,0.21191955,-0.20382276,0.021845054,-0.121758655,-0.19530497,-0.6036196,-0.10697944,0.06954235,0.041771382,-0.15300041,-0.4452762,-6.1381683,1.753541,-2.4976292,-2.3275025,-4.2460585,-4.046779,1.0094216,-0.35599607,-0.17321454,0.020275861,-0.3507952,2.0499358,-2.6304364,-3.9887025,-0.24437197,0.08061239,0.48918712,-0.5308069,-0.3051744,-5.324879,-0.03645219,-0.0046335645,-0.8355379,-0.030938283,-0.8113461,-0.02823348,0.0015264191,-0.05581036,0.20291352,-1.0250309,-0.083227366,0.054839738,-0.21894237,2.0945895,1.5755284,-1.3895085,0.12382352,0.037125137,0.05135207,-7.2369704,-0.2543843,-3.8339534,-4.88484,2.2595007,-0.028423555,-0.15642296,-3.9891717,-1.4358748,-0.36342716,-0.2402982,0.020957261,0.027989872,-0.23974827,-1.8294245,-0.17553669,-0.0743305,-2.6169035,0.030981936,-0.64643306,-1.9149691,-0.5338583,-2.3847823,-0.052987784,-0.051497784,-0.47517574,-0.4255439,-0.78226244,0.97789454,-0.13760889,-0.08568511,-0.068573646,-0.9878403,-0.2662782,-4.944071,3.874879,-3.9251318,-0.868878,-0.09614042,-1.2105138,-4.9686537,0.019873768,-0.064866476,-1.089144,-0.16197771,-0.1459657,-0.003882371,-3.857267,-0.02545691,-0.4985853,-0.06998632,0.017423257,-1.4211558,0.022134826,-2.750685,-0.08771607,-0.3675903,-3.3291006,-1.0006578,3.4304945,-0.70302284,-2.0442336,-0.021796731,-0.49923658,-0.16935164,-0.86531323,-0.018111395,2.1270123,-0.29566067,-0.28030223,-0.46469918,-0.12837778,-0.55841684,-0.031601846,-0.21874167,-1.4359279,-0.56181926,-0.24288009,-0.53972983,-0.699239,-0.6412983,-0.7355138,-1.0992533,0.177454,3.7693467,-0.58018017,-1.7348118,-0.5639919,-0.15467197,-0.46215957,-0.82661086,-0.21732901,-0.049117,-0.8706986,-1.0145831,2.913024,3.4509954,-1.0050474,-0.11277023,-5.1993423,3.3244252,-0.26745826,-0.56110203,-0.7444383,-1.0624132,3.806316,-0.053910553,-0.5342104,-0.3603388,-1.5633899,-0.7576693,-0.9321059,-0.060445845,-0.60040265,-0.1359334,2.0591779
7,Topic2,-0.01281359,-0.062084578,-1.4675838,0.05462324,0.7368735,-0.07903548,0.09086585,0.8683665,-0.09301231,-0.46134278,-0.20077924,-0.59695286,-1.5484133,-0.55152243,-1.2285581,-0.7346792,-3.4744048,-1.3012687,-2.9209278,0.59032655,2.883921,0.054829538,-2.7145724,-0.015988827,-0.005738519,-0.042547986,-3.3638546,-0.3509854,1.3301537,1.0159025,-0.4647895,1.2268362,1.7016563,-0.7256223,1.0769064,-0.33353898,-0.740639,-2.0306528,-0.058041688,-0.4370886,-0.18817472,1.9175164,-4.8188934,-1.3180213,1.2681816,-1.8983519,0.56057006,-2.193267,0.046224594,-0.27452695,-4.070116,-2.6262496,0.051561296,-0.45879513,-2.7386386,-0.012338498,2.6275,-0.047629885,-0.05620486,-1.7154567,-0.025233585,-0.1495684,0.6237024,-0.15415126,0.66121864,1.1151487,-1.9352326,1.8990548,-1.485075,0.8874402,-0.017130503,2.0042872,-0.23074162,0.10573602,-0.1230267,0.42371774,0.015549827,-1.4887764,-1.0012016,-0.39646623,0.69852257,-0.3109557,1.2493448,-3.0043855,-1.5892553,-2.0819607,-2.090449,0.21216255,-3.4599042,2.6413422,-0.9413254,0.125804,0.19537044,-1.2039751,-0.0978091,-0.3350304,-1.1036241,-0.9998664,-1.5698034,-1.2908757,-0.7324029,-0.04299665,-0.31295332,-0.1685391,-0.1626447,-3.1465263,-0.80837053,-4.582052,-1.408432,1.7553878,-0.55687845,-0.07135675,-0.31517994,-3.0681272,-5.491259,-0.9308047,0.44877023,-0.266896,-0.3057862,-1.8149531,-0.19460069,-2.4231431,2.0015302,-0.06654756,-0.5547255,-0.13494489,-2.2539763,-0.48315722,0.027692474,-0.4410426,-0.8755522,-1.3596059,-0.011706958,-0.8961609,-0.19750735,-0.43775856,-2.5021365,0.76945573,0.03520167,-5.0026293,-0.19315343,-1.9520924,-0.14217903,-0.12674704,0.7203133,-2.9673665,-1.6681037,-1.1808406,-0.9606948,-0.08028993,-2.0097466,-0.12351191,-0.17120256,1.1372557,-1.2632434,0.66502523,0.121665895,0.7024814,-0.48673326,-0.46723968,-3.5317998,-0.5113069,-1.4165266,-0.031475633,-2.5036411,0.16818738,-0.4382555,-0.072777174,-2.5657709,-0.21445711,-1.624991,0.7924039,1.1323826,-1.3947543,0.7747958,0.24299002,-0.62568474,-0.53272593,-0.6811741,-0.45325533,1.7622094,-1.411304,1.009019,1.1152266,-0.87647414,-0.19269793,-0.11158027,-2.3764222,1.8870473,-0.5516891,1.354695,-3.5946543,-0.36719772,-2.3840306,-0.817484,0.010822922,0.4259647,-0.09664119,-1.8695358,-3.2000036,0.028304476,-0.121882536,-1.2871857,0.25383148,-1.2446381,-0.5272047,0.1594764,3.1920304,-0.47867674,0.8687377,-0.6124495,2.0827901,-0.060758293,-2.001596,0.2800908,0.8538842,6.555021e-05,-2.2999141,-0.35910836,2.2491367,-2.5339186,1.4305937,-0.80667996,-0.12526911,0.6339662,0.41264522,-0.025124554,0.008328915,-2.797305,-0.4198838,0.18042073,-0.31816822,-0.29250363,-1.5313256,-0.98822093,1.1726949,-1.5398949,0.008131027,-1.3391284,0.40525156,-1.53971,-0.67462486,-2.37073,1.7306478,-0.50247365,-0.6120925,-2.474629,-0.4178996,-0.118035436,-1.6322421,-0.9807074,-0.6961075,-2.3596716,-1.1629701,-0.7100634,-0.61772025,-0.64623165,-0.77906656,0.037789464,-1.0646653,-0.18643656,-0.1403004,-0.40985522,-0.8621638,-1.0113736,-0.5731195,-1.0840195,-0.59942317,-0.20721288,-0.837963,-0.17056543,-0.35666025,-0.83830357,-1.1507401,-1.0614436,-0.43220165,-0.3969807,-1.082045,-0.991698,0.10865319,-1.1791548,-3.4651895,-0.90284336,-1.049211,-1.0628669
7,Topic3,-0.3162565,-0.27948534,-0.027681472,-1.5563767,0.5958194,-0.7107758,0.24537373,0.1540563,0.25383717,0.96549785,-1.392954,-0.73481894,-1.5368224,0.39380813,-0.64365184,-0.6455424,-4.2273793,-0.43691874,-0.49012196,-0.15251756,0.045381516,0.10285044,-10.39563,-0.7027323,-0.16046882,-0.57051075,-0.64089143,1.6251101,-0.4748287,-0.7517462,-0.5306572,-0.27427435,0.21045238,0.2920054,-0.5669857,-0.8833116,0.7319579,-0.78731465,0.5037026,-0.5129098,-0.6877062,-0.7443071,-2.5336025,0.26924664,-0.12117994,-0.97173715,-1.1646816,0.0018985271,-0.11129342,-1.1847787,-2.8258855,-0.21597087,-0.7505992,-0.7263917,-0.5610572,0.39990747,0.1528427,-0.8284546,-0.90231156,-0.658103,-0.37152332,-0.4117483,-0.14653611,-0.55018085,0.026275456,-0.8661114,-1.3713996,-0.05994117,-1.3829014,0.011262894,-1.0549462,-0.1914176,-0.4281844,-0.21870908,0.02036649,-0.48945737,-0.571842,0.40762955,-1.2764847,-0.73579866,0.17804319,1.6366467,-0.3006752,-1.202826,0.018174894,1.614243,0.9432703,-0.10616243,-0.35109672,-0.66414607,-0.71777034,-0.7502089,-0.41157472,-0.5984273,0.2192541,0.478626,-0.35322312,-0.77986896,-0.5176802,-0.25123465,-0.7153522,-0.6415017,-0.20888348,-0.9384978,-2.654365,0.0011393726,-0.5296564,-1.2701049,-1.6048815,-0.43508783,0.14083025,-0.030655086,2.5681787,-2.2989435,0.24611616,1.6088517,-0.17671497,0.005941987,-1.1609383,-0.20402017,0.10498375,-0.26112902,-1.0588982,0.5636302,-1.4051595,-0.6820735,-0.43543804,0.20719963,-1.7741385,-0.2829184,1.094429,-0.18444505,-3.1869137,0.78445745,1.5900644,0.9795865,-2.2611282,-1.6112218,0.17314172,-2.6318066,0.57365525,-0.5113196,1.4131119,2.034883,-0.35596618,-1.7665491,0.04160563,1.1009306,-1.3857746,0.61257917,-0.011895567,-1.0891349,0.16451022,-0.54314065,0.07801753,-0.18703508,-0.19644415,-0.26452446,-2.1557493,-0.23840982,1.0481021,-0.029560804,0.21455121,-1.1183958,-1.2418737,-1.4291754,-0.13244179,-0.23009413,-1.570163,1.655591,1.0269572,-0.2661191,-0.635304,0.026518822,-2.0106056,0.78137684,1.7640076,0.7231333,-0.8770546,0.6408159,0.33897686,0.19279063,0.24672046,0.35994136,2.5997076,-0.1646961,-2.3685946,-0.61048305,-0.25902805,0.7610054,-0.16072595,-0.025712928,-0.66990507,-0.45330018,-0.04461074,1.4763265,-1.0268569,-0.034680467,-1.3346066,-2.831167,-0.15972471,-2.0369086,-1.4395779,-0.115256086,-1.152804,-0.34085327,-0.21330488,-0.122994885,-0.2332626,0.38898063,-0.7122712,-0.81392884,-0.18333511,1.5607835,-0.33715186,-0.55892634,0.29883254,0.23425192,1.3897865,-0.722056,2.226673,-0.36508232,-0.19246888,-0.12940207,0.1009469,-0.61274683,-0.09613669,-0.8653874,-0.042070173,-1.6388584,-0.03156754,-0.64644265,0.08404288,-1.1519928,0.19411302,-0.5601742,-0.0030916985,-0.12220161,-0.876018,0.48031175,-0.9883907,-0.39657322,0.35467666,-1.0126977,1.5477962,1.506505,-0.39024198,1.2735617,-0.07018036,-0.11245604,-0.62961537,-0.9151666,-0.66958225,-1.1623837,-0.96140873,-0.30070198,-0.92007726,-0.03993857,-0.49232432,-1.6225849,-0.42653617,-0.07002051,-0.5096109,-1.4636092,-0.92648196,-0.64838433,-0.7172991,-0.080144584,-0.16733533,-0.6011807,-0.7263057,-0.49698544,-0.47493657,-0.9054905,-0.98155105,-0.41282707,-0.3236059,-0.46822497,-0.84547144,-0.0054118037,-1.0419563,-0.6983441,-0.8394422,-1.1291504,-0.8528029
