w_rmse,w_log_rmse,subspace_similarity,tv_score,hellinger_score,gene_topk_hit_mean,f1_tau90,jaccard_tau90,H_corr,H_corr_spearman,sigma2_age_rmse,sigma2_age_log_rmse,tau2_spa_rmse,tau2_spa_log_rmse,sigma2_e_abs_err,sigma2_e_log_abs_err,align_cost,method,rep
0.007057505895106501,-4.953663562540273,0.8400372708939854,0.9148669283575093,0.8635131645816638,1.0,0.9307692307685831,0.8809523809523809,0.9786613223627145,0.9799569054543943,4.49468318886123,1.502895184652428,3.407180797307457,1.2258852036951176,0.03460751462088785,-3.363684434925038,4.9808389459463006e-05,stGP,0
0.035382749405071134,-3.3415308825555416,0.1904971988998695,0.5737905224955573,0.476014470231297,0.5575396825396826,0.6153846153840142,0.4559523809523809,-0.3799098779437394,-0.3763113780427008,,,,,,,0.0012519389554620614,PCA,0
0.07419323751867767,-2.601082271524469,-0.06837513860328914,0.21024282296058508,0.23426752560899033,0.13293650793650794,0.2103174603172197,0.12291666666666666,0.6443869572331845,0.6301498515270779,,,,,,,0.005504636493502921,NMF,0
0.02383457224738557,-3.7366181368935374,0.5184374542478474,0.6780365741749093,0.5852647779052816,0.7043650793650794,0.644028520498515,0.48079004329004327,-0.01269051308611871,-0.013146488795274719,,,,,,,0.0005819617861150994,SpatialPCA,0
0.022241041125380667,-3.805815997503882,0.2630332002262329,0.6861253045967,0.7031281537959295,0.75,0.7117554858928827,0.6435185185185185,0.5929560955843088,0.5856188595871228,,,,,,,0.0004901506442034848,Popari,0
0.03335100993906415,-3.400667224048617,0.1243844728114506,0.5781368873554257,0.5738195770777228,0.7857142857142857,0.6904785560517915,0.5973214285714286,0.38067389101533294,0.3748886267588631,,,,,,,0.0011277952607634317,STAMP,0
0.029147675401522632,-3.5353801154539415,0.3323336695234228,0.3943249871779615,0.37922568065430406,0.4027777777777778,0.354613095237772,0.24010989010989012,0.3841613585111206,0.3908169711060623,,,,,,,0.0008504378137260634,MEFISTO,0
0.008672530702005752,-4.747594638970308,0.8241702757352196,0.8891162501152334,0.8244407895403881,1.0,0.9356060606053855,0.8869047619047619,0.9630338741740783,0.9781304850868195,5.225192774048777,1.6534916917250773,3.991462740650133,1.3841577653865,0.030616583776042622,-3.486213463362098,7.521278877723236e-05,stGP,1
0.039846876438528016,-3.222711259790967,0.07456158808497948,0.47723320077016956,0.3612842059222123,0.5428571428571428,0.3833333333327679,0.24742063492063493,-0.10772459631132336,-0.08621102446475332,,,,,,,0.001587773561907319,PCA,1
0.06859922969948816,-2.679473973183777,0.003213488513375329,0.2733788382395168,0.2938000926472764,0.16904761904761906,0.23809523809496197,0.14166666666666666,0.5179368068063219,0.5270107087209961,,,,,,,0.004705854315363137,NMF,1
0.03441233438934016,-3.3693402210396255,0.12552066614044,0.5284767026777741,0.4468881803324474,0.5452380952380953,0.4696969696965181,0.35132575757575757,-0.11423652328743598,-0.1421845988931854,,,,,,,0.0011646409683440345,SpatialPCA,1
0.029554010623166163,-3.521535821051407,0.21206293424436162,0.581079529465735,0.5718275051485895,0.5833333333333334,0.574494949494469,0.49166666666666664,0.45455559982419014,0.4708432186056217,,,,,,,0.0008429557362132891,Popari,1
0.035281815124582346,-3.3443876000575297,0.07930102665244598,0.5346002678243142,0.5359095817289921,0.6666666666666666,0.5191378066373653,0.4476708074534162,0.27815703369471906,0.2718878680433028,,,,,,,0.001239013637238783,STAMP,1
0.032862012905941096,-3.4154379112211193,0.3431494488212681,0.4710924551837049,0.45649014634902074,0.5,0.5334008097162134,0.49206349206349204,0.7381734253691432,0.7399816541175579,,,,,,,0.0010934765291952357,MEFISTO,1
0.0068688741950265,-4.980755058807252,0.848505699508442,0.9153178720553945,0.8579962744446344,1.0,0.9642857142850504,0.9375,0.9683458337642568,0.9738979698882301,5.862788039718387,1.7686252651399972,3.761458261168782,1.3248067176303169,0.03687864460997223,-3.300122632325593,4.718143270710094e-05,stGP,2
0.024439600542591595,-3.71155048922346,0.6098036930651568,0.724878514944794,0.6546591289741193,0.6508928571428572,0.6708333333327379,0.5071428571428571,-0.07511465796850496,-0.06505480722637635,,,,,,,0.0005972940746814434,PCA,2
0.059181312793905386,-2.8271494491891085,-0.022630000382119375,0.31068841209905707,0.3002048881100875,0.19285714285714284,0.33333333333298604,0.21666666666666667,0.7036293266142141,0.6858673113517754,,,,,,,0.003502427784010069,NMF,2
0.016208161414383117,-4.122240372592581,0.6298131218968048,0.7918279445739198,0.6638414884483022,0.7491071428571429,0.8055555555549138,0.7075757575757576,0.14715956135772862,0.16463714598215778,,,,,,,0.00026095690085129906,SpatialPCA,2
0.023684687255669936,-3.7429265470140582,0.2534154589916725,0.6624194899883196,0.6627828215942391,0.6785714285714286,0.6500599212458222,0.5515151515151515,0.6148105713718617,0.593870576893476,,,,,,,0.000555918054934472,Popari,2
0.03407333857383306,-3.379240060509507,-0.028949643488326737,0.44443956806044876,0.4347694865594308,0.53125,0.49456811263275974,0.40572139303482585,0.30667039448918887,0.31706870244396573,,,,,,,0.001177922125700852,STAMP,2
0.021466779970844764,-3.8412486564089257,0.32331925777323334,0.6742387903440825,0.6372266791832901,0.7142857142857143,0.5852628020952347,0.5467171717171718,0.5323698949545894,0.5288495049447297,,,,,,,0.0004658681529613549,MEFISTO,2
0.009543376454959002,-4.651907930042677,0.7999553799500649,0.8962377849633352,0.8556713031167213,1.0,0.9722222222215471,0.95,0.9635405967027865,0.9743489129486771,6.154744127784617,1.8172231873319458,3.4846899785001053,1.2483790814319171,0.03296327201681942,-3.4123613065130822,9.107603416106584e-05,stGP,3
0.027864033302661052,-3.5804185507332105,0.5628769342831645,0.6910075380216915,0.5962326051915512,0.6761904761904762,0.6651515151508953,0.5214285714285715,0.09014260278007216,0.10219187570534946,,,,,,,0.0007764043518918042,PCA,3
0.06734926868791055,-2.6978632345676337,-0.07170048237325966,0.27507661451965637,0.2766206151247346,0.2130952380952381,0.2976190476187259,0.19166666666666665,0.6966842102523121,0.6893273212534954,,,,,,,0.004535923992796367,NMF,3
0.014376703733536429,-4.242146178727895,0.7196686821170369,0.8117823848949586,0.7446645549901592,0.9166666666666666,0.8364379084960891,0.7202380952380952,-0.2908430606827489,-0.30063687229334335,,,,,,,0.00020338210446077263,SpatialPCA,3
0.02581505370709675,-3.6567974801918424,0.22348189674784336,0.6340961852581357,0.6440662367158665,0.6666666666666666,0.6174024730053733,0.5064935064935066,0.6175051077236134,0.6110040047246097,,,,,,,0.0006468867357128926,Popari,3
0.04056849248218303,-3.2047635608918603,0.07857905210525373,0.48563613162257807,0.5264786895953059,0.6785714285714286,0.6587011349301161,0.581391242937853,0.39352592788245255,0.3859369912829453,,,,,,,0.0016599509238620172,STAMP,3
0.03286760868102759,-3.415267644757844,0.3529406999624394,0.4799728815058018,0.48813256263667615,0.5357142857142857,0.515389716691549,0.44761904761904764,0.507316632383422,0.5056593607772293,,,,,,,0.0010895561294068392,MEFISTO,3
0.0069638455460802745,-4.967023436230784,0.835487020344815,0.9163033317451343,0.857917029886573,0.96875,0.8591269841263344,0.7674603174603174,0.9562595248770583,0.9609410443233348,6.380356927806718,1.8532240405891378,3.794586953988223,1.333575565395347,0.03060252070822722,-3.4866728973306684,4.849514478966207e-05,stGP,4
0.03159383313329656,-3.4547933314438946,0.3709277982264848,0.6382462426453264,0.5990661011593851,0.7848214285714286,0.7499999999993623,0.636904761904762,0.13993335007216268,0.12904260378513288,,,,,,,0.0009981328354435278,PCA,4
0.05809045656271619,-2.8457538874335055,-0.0776533081049251,0.24025468986330595,0.22218447023249516,0.15714285714285714,0.2666666666662897,0.16856060606060605,0.6338051277000488,0.6138725126499804,,,,,,,0.003374501143664816,NMF,4
0.024514248961765784,-3.7085007402133807,0.2740073922437326,0.6896779032129008,0.6904736024164303,0.78125,0.7272727272721035,0.6678571428571428,-0.15390504787666492,-0.1576970937382901,,,,,,,0.0006240404348890422,SpatialPCA,4
0.022752354930294795,-3.7830866255227704,0.23785205097511053,0.6791222233516656,0.7077719526461375,0.75,0.7535885167458373,0.7222222222222222,0.5250215333903454,0.48840768609230706,,,,,,,0.0005047946233407035,Popari,4
0.027384175713656148,-3.5977899611207294,0.16201013606758352,0.6096348109568741,0.6080809915501759,0.75,0.7354694485836322,0.7125,0.39351861347990647,0.38537591262136695,,,,,,,0.0007506091753854674,STAMP,4
0.028940256981532186,-3.5425216780140714,0.3465716950030937,0.4553988576207872,0.4270667090079994,0.4285714285714286,0.46212414089310005,0.3665140415140415,0.58979320752446,0.5760770192519723,,,,,,,0.0008508899723347744,MEFISTO,4
0.006112217358295498,-5.097465665201903,0.8701804941708833,0.924465752872345,0.8510221431928914,1.0,0.9267676767669982,0.8666666666666667,0.9730448656457946,0.9811691544036346,5.328524462732507,1.6730743635912044,3.540823131485981,1.2643592231350345,0.031825234497234595,-3.4474957662316545,3.735920103504879e-05,stGP,5
0.033966596831457224,-3.382377683416108,0.06263165752068578,0.5831542403705403,0.46380996745205255,0.6083333333333333,0.6877705627699269,0.5386904761904762,-0.6249067119584352,-0.6131912185785999,,,,,,,0.00115372970031076,PCA,5
0.07258976804889337,-2.622931303049449,-0.24890018270560899,0.1395498348303912,0.15981358900472775,0.125,0.1999999999996811,0.11785714285714287,0.8193745098481064,0.8205108907512344,,,,,,,0.005264455409519883,NMF,5
0.029508999964668128,-3.5230599786168133,0.10333430918927888,0.6281292295794683,0.5477761896767773,0.75,0.6855921855915785,0.5361111111111112,0.3038011591213954,0.3166195896840025,,,,,,,0.0008701029314106997,SpatialPCA,5
0.02737493039625547,-3.5981276334512446,0.24923493948193076,0.6896817298617279,0.7131381777697007,0.75,0.7545454545449045,0.7227564102564102,0.7363039064347751,0.7382473906240608,,,,,,,0.0007462935545701709,Popari,5
0.04377898814787447,-3.1286012993547287,-0.09532194528955884,0.3285785174378225,0.346844366122014,0.45833333333333337,0.42380952380916115,0.3786231884057971,0.16043894223382402,0.1456153814752861,,,,,,,0.0018849914631820916,STAMP,5
0.030967907489171848,-3.4748038530151835,0.1975586381019374,0.5539662097405964,0.4790396709037338,0.6333333333333333,0.5757637752313873,0.4570436507936508,0.21899117187236938,0.2121214015126501,,,,,,,0.0009630857956899178,MEFISTO,5
0.027494364747978263,-3.5937742135635617,0.20126847131637549,0.6763133569367239,0.6071837267383668,0.75,0.7029914529909328,0.6642857142857143,0.662232867526603,0.6569041471871995,5.659875028283087,1.7334018121626873,3.4494059836109243,1.2382020375553204,0.03847304671346963,-3.257797368227018,0.0007559400928948698,stGP,6
0.030021866091554796,-3.5058292930980213,0.40880447070089043,0.6332939076398889,0.5952858747414114,0.7232142857142857,0.661338661338013,0.5412878787878788,-0.17572177411431422,-0.14925842038976822,,,,,,,0.0009013731796599954,PCA,6
0.06113921565268762,-2.7946017913114587,-0.10581384168522101,0.22716577055507345,0.21723730731075883,0.19821428571428573,0.23571428571391817,0.14423076923076922,0.6026158463949207,0.6086592922420038,,,,,,,0.0037379509132415114,NMF,6
0.03723513978439889,-3.290502345713539,0.1506289715260063,0.48899635187220786,0.42660224277064707,0.6285714285714286,0.5472222222217707,0.44999999999999996,0.16058208291364012,0.12429571842502336,,,,,,,0.0013622707975719406,SpatialPCA,6
0.02426067687751272,-3.718898474886261,0.23986886175985156,0.6785818857895516,0.7106875270937368,0.75,0.7132936507930787,0.6516509433962264,0.6155708338192329,0.5967777195550333,,,,,,,0.0005726911397988242,Popari,6
0.05805144381667996,-2.8464256991978405,-0.07400286078974716,0.410417694631673,0.4941299941133945,0.7714285714285714,0.6376070737767163,0.5255952380952381,0.3638442939697436,0.3515515307492686,,,,,,,0.003384092030623731,STAMP,6
0.024361532172852272,-3.7147499410390576,0.3058745097297859,0.6476220428278312,0.594069560073676,0.75,0.6710966117210785,0.5821886446886446,0.6143260145193175,0.6330390173661828,,,,,,,0.0006002168601637692,MEFISTO,6
0.00902494417454334,-4.707762960428491,0.8145520018500836,0.8945462383388918,0.8400534907569194,1.0,0.9494949494942696,0.9083333333333333,0.9701155475596205,0.9709704720884075,5.140828717254143,1.6372142955088402,3.330469794502578,1.2031133734717891,0.0333336074072039,-3.401189159479841,8.144961735362375e-05,stGP,7
0.02636483127453522,-3.6357243056205903,0.5673565455049769,0.7256333692941754,0.6556428303932509,0.7476190476190476,0.8290584415577634,0.7125,0.4027992134719486,0.396754941624414,,,,,,,0.0006951043281347106,PCA,7
0.05883387346925457,-2.8330375105385075,-0.19606437831140666,0.2357599171473301,0.2203913468084939,0.14166666666666666,0.2499999999997361,0.175,0.2996082254608386,0.3047058515661562,,,,,,,0.003461424667396253,NMF,7
0.019006330729672727,-3.962983159014691,0.5910686639518972,0.7835342424483515,0.683216907709524,0.8250000000000001,0.7979797979791423,0.6761904761904762,-0.027914874845156548,-0.04414129010885741,,,,,,,0.0003612406078057017,SpatialPCA,7
0.025519892563193647,-3.668297030420615,0.23255133555439922,0.6741359800659177,0.6625018561061743,0.7083333333333334,0.7350877192976852,0.6855345911949685,0.5068671722035606,0.49810385532665835,,,,,,,0.0006436060758322929,Popari,7
0.03254562183431997,-3.4251124252323484,0.1872649973987931,0.577118949179362,0.5596983726954591,0.7559523809523809,0.5925324675319403,0.46208791208791206,0.3999924640460726,0.3837702684364732,,,,,,,0.0010557282974235816,STAMP,7
0.03324226354523837,-3.4039332142845553,0.31722957566867105,0.3911041549454549,0.377948661425669,0.3666666666666667,0.45315110693363314,0.36651404151404154,0.43870084337090864,0.4224490969518794,,,,,,,0.001114333743027448,MEFISTO,7
0.00629713736089033,-5.067660136010043,0.8637108068415843,0.9248837402622972,0.8672679880911529,1.0,0.894841269840621,0.8160714285714286,0.9736354685223123,0.9707183066172029,5.8305370620975685,1.7631091165479744,3.475682735063411,1.245790930240795,0.035106994906555195,-3.3493548832779094,3.965393894192084e-05,stGP,8
0.031611425686422064,-3.4542366513856737,0.17611897521080488,0.6047803815109796,0.48960634144851733,0.5241071428571429,0.5837412587406576,0.43831168831168826,-0.3691243418853042,-0.3465369162195777,,,,,,,0.0009992822339281843,PCA,8
0.067810530355176,-2.6910377811228114,-0.05888524342244783,0.2851843372440425,0.29437774940523154,0.19375,0.27361111111080966,0.16964285714285715,0.6192926215721808,0.5873517506018485,,,,,,,0.004598268027050245,NMF,8
0.025969883862492663,-3.6508177253046696,0.40965694205324166,0.6534214548092385,0.5380013971587653,0.6866071428571429,0.6561771561765587,0.49910714285714286,-0.004465415355021332,-0.015856127897583436,,,,,,,0.0006743115911385476,SpatialPCA,8
0.02281535314330936,-3.7803215861641863,0.2709089301448573,0.6662329733472812,0.6724277850358925,0.75,0.6740558292276989,0.5682277628032345,0.6419206545572165,0.5975060917108792,,,,,,,0.0005220694622824395,Popari,8
0.05393901449614986,-2.9199012318091704,-0.14444368046678768,0.2637701384263088,0.2847851582756764,0.39285714285714285,0.2545634920631587,0.1518188310641141,0.16665205311574013,0.1527592625591422,,,,,,,0.0029252923896996214,STAMP,8
0.039599726971861496,-3.2289330553954327,0.3796801545603392,0.2667575033738837,0.29657225861544134,0.2544642857142857,0.26718049854267806,0.1861111111111111,0.3779013059990175,0.3775947456552874,,,,,,,0.0015864374503006564,MEFISTO,8
0.008165931809750558,-4.807784436627755,0.8401185499476631,0.9060716157106569,0.8161482403756183,1.0,0.8856060606054089,0.8035714285714286,0.9712977016417278,0.9730699746735986,4.690243956240889,1.5454845973614426,2.9221941882715674,1.0723347684343385,0.03559246416077347,-3.335621344408861,6.668244232149601e-05,stGP,9
0.02249133394287931,-3.7946252020584454,0.6124071425667563,0.751625397067603,0.7350771412047291,0.8154761904761905,0.7923520923514309,0.675,0.33679350401297764,0.33793260983095447,,,,,,,0.0005058601025301149,PCA,9
0.0660385606500542,-2.7175164552910736,-0.019993645948940486,0.2822780581706047,0.2822440692445203,0.15714285714285714,0.29642857142824475,0.1875,0.6948785895543398,0.6900611484830595,,,,,,,0.004361091492730887,NMF,9
0.013981509293976688,-4.270019587061298,0.7016998804062254,0.8248840203733434,0.7241615568182818,0.8511904761904763,0.8578282828276284,0.7535714285714287,-0.26161261628824617,-0.2750443241630161,,,,,,,0.00019530255674918666,SpatialPCA,9
0.022930588166584134,-3.775283531914292,0.2663914917809391,0.6997826633175229,0.7087530180152536,0.75,0.6544059011158907,0.5617250673854447,0.6264396453317665,0.6147124368782843,,,,,,,0.0005193618562043575,Popari,9
0.028723717491238553,-3.550032104068655,0.18252460959286687,0.5964063899315324,0.6045293843239117,0.7142857142857143,0.589362891206628,0.4784072249589491,0.39450740299552006,0.3707060666042927,,,,,,,0.0008221558166900587,STAMP,9
0.02772624253591413,-3.5853759303057804,0.2153814926752945,0.5542948740268976,0.5126704129606158,0.613095238095238,0.5961570593144648,0.4922979797979798,0.6106710410863049,0.5835488011328138,,,,,,,0.0007785169550427501,MEFISTO,9
0.008168270448228165,-4.807498087964178,0.8208955932937938,0.8953714781634821,0.8425047825954572,1.0,0.958333333332685,0.9285714285714286,0.9717757915979488,0.9778959163762243,4.355346927724552,1.4714042690660778,3.0765964785878106,1.1238239465597162,0.031151635242682663,-3.468888539374276,6.672064211539754e-05,stGP,10
0.028436082411511597,-3.56009643277901,0.49106110339322084,0.6624652381020385,0.5549524844796907,0.6652777777777779,0.6855158730152565,0.5388888888888889,0.3200071800298662,0.320976209428119,,,,,,,0.0008086107829142792,PCA,10
0.07279831020333874,-2.6200625355414875,-0.2749476340955752,0.13960011997448601,0.1557253819135489,0.08125,0.14583333333316578,0.08571428571428572,0.7915206297609245,0.7957800922868788,,,,,,,0.005299336731993296,NMF,10
0.03582772501811112,-3.3290332434541536,0.04892512775951019,0.5103048703864055,0.4326269170143613,0.5354166666666667,0.5386500754143377,0.426046176046176,0.11363620062448848,0.11515106009403464,,,,,,,0.0012674666468399673,SpatialPCA,10
0.03258090502977475,-3.4240288975023843,0.22439998141870732,0.6035004494733434,0.6097530698257219,0.5833333333333334,0.5827485380112148,0.49278846153846156,0.6137911772314629,0.6044640200756666,,,,,,,0.001049033497675341,Popari,10
0.038180646666875755,-3.2654265235080184,-0.037040970186783095,0.38276426134495484,0.41844576464839944,0.5555555555555556,0.4350179211465448,0.349290780141844,0.25438020692191404,0.25714322118238364,,,,,,,0.0014439398187734674,STAMP,10
0.026730454242061625,-3.6219517552584684,0.2886732734085431,0.6765629684951863,0.651173490875858,0.7222222222222222,0.6877536979699135,0.6076388888888888,0.6515631801189482,0.6455579037442538,,,,,,,0.0007188219979754394,MEFISTO,10
0.010228460437312436,-4.582581205230463,0.7666724605422987,0.8815177017002989,0.8135720473130756,0.9583333333333334,0.9226190476183931,0.8660714285714286,0.9573960521808949,0.9658247406634975,6.057395164607836,1.8012798668493855,3.816860710489127,1.3394282812159606,0.03512977656753888,-3.348706172885775,0.00010462140291766573,stGP,11
0.04051580458142566,-3.2060631444137226,0.09844532604679779,0.4655246373711346,0.3838246123326361,0.45,0.46955128205082314,0.35000000000000003,-0.24956711083854202,-0.24956480551688878,,,,,,,0.0016415304208802722,PCA,11
0.07143560541070716,-2.6389588587137767,-0.17976732005513196,0.18279589448159642,0.1956085547180205,0.15714285714285714,0.2002164502161391,0.11666666666666667,0.5666444599134657,0.5614760391562981,,,,,,,0.005103045720394254,NMF,11
0.030947954357522792,-3.475448377107869,0.17452601907565868,0.582399985739065,0.5100268275155633,0.5773809523809523,0.528846153845573,0.4091503267973856,-0.2353920338533436,-0.2434812981659044,,,,,,,0.0009496427357786144,SpatialPCA,11
0.02482910218987089,-3.6957388383972667,0.2197893593344975,0.6659408455570803,0.6680022419941827,0.7142857142857143,0.6670388091435264,0.5840909090909091,0.5358917172514337,0.5103985207307619,,,,,,,0.0005950009617910705,Popari,11
0.0331006988748698,-3.408200882777613,0.14551375122062304,0.5582497400129186,0.5568303210455845,0.7559523809523809,0.5934343434338234,0.4797619047619048,0.32526920493327427,0.31506240167784055,,,,,,,0.0010934093646906922,STAMP,11
0.030981371177514795,-3.4743691848852327,0.3649026091324935,0.45865203625444007,0.45688523878247966,0.5,0.32713293650765923,0.2567187198766146,0.38035003215671054,0.39442139207747123,,,,,,,0.0009613336950469325,MEFISTO,11
0.012956939838260677,-4.34612373953057,0.8213206155474194,0.8667200622163835,0.7810837609018373,1.0,0.8888888888881867,0.825,0.9509471526002828,0.9667472012420404,6.20460619536803,1.8252919509484253,4.095022207853014,1.4097721404534567,0.0313455976922519,-3.462681446253222,0.00016788228997230664,stGP,12
0.02727704082937506,-3.6017099258871204,0.5666732685031071,0.696166896697676,0.5898893427811879,0.7291666666666666,0.7613636363628938,0.64375,0.659088185953261,0.6291268982316637,,,,,,,0.000744036956407394,PCA,12
0.06631023946334323,-2.713410952337436,-0.0317490892688308,0.3359424657682729,0.3460561390658824,0.375,0.4095238095233244,0.2875,0.6011094192447655,0.5991414947825073,,,,,,,0.004397047857685922,NMF,12
0.03145104542175908,-3.4593230556326935,0.2564825096482486,0.64521977264037,0.6053507874050625,0.75,0.7260683760677111,0.584920634920635,0.13010692466545182,0.11605390962008238,,,,,,,0.0009954013304626,SpatialPCA,12
0.03190079935193074,-3.4451242114510308,0.22603519502529879,0.687442574583755,0.6767147275714197,0.7083333333333334,0.7688679245276536,0.7598039215686274,0.5325455692743045,0.5351997120787307,,,,,,,0.000998659288069947,Popari,12
0.04150051239547479,-3.182049504942796,0.0771057292538232,0.5763182025649729,0.6122453490593834,0.75,0.7172413793097095,0.675595238095238,0.4018573412830113,0.4040297999177708,,,,,,,0.0017314092645089624,STAMP,12
0.03363376997247911,-3.39222465804158,0.2884871745286989,0.6085803393864442,0.5562255372105822,0.8,0.5342636087312974,0.5177777777777777,0.7046787740660645,0.6728616249385714,,,,,,,0.0011276750469779346,MEFISTO,12
0.008530912447949388,-4.7640589539204115,0.8115754197678682,0.8918323500117928,0.844888968357731,1.0,0.8830357142850797,0.798611111111111,0.9685955492876277,0.9720386669288075,4.109032729340537,1.4131876551507712,3.7667514835304114,1.3262129545481012,0.03413930661397763,-3.377305871898907,7.277646719457779e-05,stGP,13
0.031143333536767993,-3.4691550683131767,0.39430969000478133,0.6422777204260353,0.6180652848983192,0.7541666666666667,0.6719696969691114,0.543154761904762,0.232572682132581,0.23530188626155665,,,,,,,0.0009699072237823777,PCA,13
0.06772871225262543,-2.6922450788900756,-0.14935041729711718,0.2214121454300507,0.23913787689303395,0.29166666666666663,0.27146464646432744,0.1701388888888889,0.761397424545717,0.7371880316673158,,,,,,,0.004587178463398935,NMF,13
0.03049904953354459,-3.490059758688946,0.22608821414653713,0.64214127696739,0.5897139900731532,0.6631944444444444,0.6679487179481473,0.5932539682539683,0.10831517437673169,0.11841262808461067,,,,,,,0.0009483112600331421,SpatialPCA,13
0.02866641803065368,-3.552028944783643,0.20377402215836027,0.624921541771391,0.6445600221659489,0.7222222222222222,0.6775224775219687,0.6126085654387541,0.718669917662223,0.6805387062678645,,,,,,,0.0008034349554165822,Popari,13
0.031249247201878237,-3.4657599926297804,0.15856308382776352,0.5334062449842568,0.5200947485992823,0.6909722222222222,0.48659532955266704,0.3929301374953548,0.33785386354258073,0.325657379640828,,,,,,,0.0009889826174340733,STAMP,13
0.03740315771689782,-3.2860001471926448,0.379854543523919,0.21247826990599808,0.23737343669999808,0.2847222222222222,0.29302075732659955,0.21648351648351646,0.21977466219312905,0.21461504638463358,,,,,,,0.001389757111454515,MEFISTO,13
0.00994691607730196,-4.610492717833281,0.7656109015407808,0.8698481385568478,0.8219232945278754,1.0,0.8806610056603652,0.7886904761904762,0.9585242411367229,0.963630049013421,6.243861419425742,1.831598808208579,4.930585638597947,1.59545777179019,0.029560326866040598,-3.5213221252487727,9.894113944888821e-05,stGP,14
0.030091993291114606,-3.5034961462299994,0.44892778659737154,0.6357052693993874,0.5713129581084112,0.6696428571428572,0.6063492063486096,0.4424603174603175,-0.34621728758963793,-0.3408103098542598,,,,,,,0.0009055280602324862,PCA,14
0.0616375663090051,-2.786483751642488,-0.09674012749040095,0.2665969839429013,0.270948070357098,0.3169642857142857,0.32539682539648973,0.2130952380952381,0.5630199149881684,0.5455594019525533,,,,,,,0.0037991438435849667,NMF,14
0.029394537776380562,-3.526946411817615,0.13251407832417028,0.5685182212323756,0.49155510755265375,0.5684523809523809,0.6128787878782221,0.49999999999999994,-0.20632457557418343,-0.21180281100973167,,,,,,,0.0008517636689515783,SpatialPCA,14
0.024985014785869012,-3.6894790423963095,0.2080567525600705,0.6318003796711618,0.6585430386995875,0.75,0.6704221704216334,0.5746173469387754,0.46612811446630464,0.42631540240652677,,,,,,,0.0006100215260692499,Popari,14
0.026365506864346678,-3.635698681289879,0.35463645797541554,0.6867059344629394,0.687459172876325,0.8214285714285714,0.6607692307686919,0.587386018237082,0.350190185748217,0.3344859570467951,,,,,,,0.0006966382366684924,STAMP,14
0.02814181983091813,-3.5704985587786275,0.37604390444831004,0.4263585087049684,0.4111507436728232,0.6294642857142857,0.3006393735128374,0.22065018315018314,0.4076104081951579,0.39950360189529865,,,,,,,0.0007833749549355951,MEFISTO,14
0.008241414891358219,-4.798583239684962,0.8596690163996834,0.9050177546846698,0.8108346592504738,1.0,0.8781746031739313,0.7848214285714286,0.9441197244117205,0.9653873711147478,4.346738515712605,1.4694257973822662,4.027891242429501,1.3932429741019032,0.03146211419269698,-3.45897118104493,6.792091941150098e-05,stGP,15
0.03638677037481385,-3.3135500216452303,0.6076569414401685,0.584821802543361,0.49136579024308774,0.5928571428571429,0.5407467532461497,0.3970238095238095,0.6374868107375854,0.6481813932779504,,,,,,,0.0013239970583094312,PCA,15
0.05675706521276668,-2.8689751332284876,-0.03869866959098878,0.2861472042175663,0.2598713840262801,0.1607142857142857,0.19642857142833353,0.125,0.5667883284626271,0.5835141449415162,,,,,,,0.003221364451566247,NMF,15
0.029269323942287352,-3.5312152758362627,0.5204081516141377,0.7176102196698833,0.6761721069232978,0.80625,0.7362470862464932,0.5967261904761905,-0.05130758789597234,-0.05281790907734779,,,,,,,0.0008566933240385557,SpatialPCA,15
0.021692110108046087,-3.830806674041372,0.27146138904846306,0.6922473691184146,0.6686225737847821,0.75,0.6790271132370835,0.6022012578616353,0.5814363206974981,0.5932735657553305,,,,,,,0.0004621831277263611,Popari,15
0.040235041955193,-3.213016972630937,0.0081402927871288,0.4491380331719097,0.4244311568523865,0.5580357142857143,0.3841991341987178,0.26570197044334976,0.22199382435138285,0.22357661742255572,,,,,,,0.0016466050054160218,STAMP,15
0.042962953442915494,-3.147417082473392,0.3288559631002784,0.4166995707317348,0.39108728603506326,0.5625,0.307670309557511,0.25553921821527453,0.3520432107480385,0.36492454504561234,,,,,,,0.0018390153346922412,MEFISTO,15
0.006518282297403488,-5.033144389071453,0.8594502297316686,0.9186902645037087,0.8578989926592647,1.0,0.9545454545447927,0.9166666666666667,0.9589039161351733,0.9683721023984511,4.909938923641169,1.5912615025521106,4.208921961788831,1.4372065488203596,0.033541720107507056,-3.3949652386454976,4.248800410864369e-05,stGP,16
0.023285520154411408,-3.7599235641925577,0.6321860577521545,0.71908859159915,0.6679096905688414,0.8333333333333334,0.6920634920628653,0.5854166666666667,0.0814550390684986,0.06670085050312591,,,,,,,0.0005422154488614999,PCA,16
0.05958385779680093,-2.820370583930797,0.0007562865373559324,0.3017190854203774,0.2723404062770617,0.16666666666666666,0.2777777777774352,0.17142857142857143,0.660916831609565,0.6299127626490623,,,,,,,0.003550236109949394,NMF,16
0.0231058392142009,-3.767669913562292,0.664504281263943,0.7443518757707885,0.6706970208166707,0.763888888888889,0.7791652791646518,0.6708333333333334,-0.22154090677069505,-0.2191589281665506,,,,,,,0.0005398974298388732,SpatialPCA,16
0.03386011169735494,-3.3855176034829744,0.2569651932160639,0.481419947626821,0.48826616226284547,0.5,0.5659419049245116,0.5069916855631141,0.6283553229755563,0.49518127516463306,,,,,,,0.0011079410229543262,Popari,16
0.03465511644218422,-3.362309903577891,0.15568235937401664,0.5945579680928068,0.5931043586272366,0.7638888888888888,0.6970725995310841,0.6217105263157894,0.3192488193360842,0.2970036158839828,,,,,,,0.0012063929124212852,STAMP,16
0.03336676850405707,-3.4001948292640867,0.3586025561919437,0.47988502699675484,0.4611854244336148,0.5,0.5113123718382934,0.4468864468864469,0.4409531941714651,0.4233290985282519,,,,,,,0.0011268626271289171,MEFISTO,16
0.009110228103633147,-4.698357529205608,0.8171409703427773,0.897001331512165,0.8497118309684446,1.0,0.9222222222215344,0.8666666666666667,0.9753411763547022,0.9848921345829049,4.738415020752483,1.555702695980761,4.117067764534905,1.415141202340165,0.03190170531763681,-3.44509581238705,8.299625610022721e-05,stGP,17
0.0384049575546999,-3.2595687247345526,0.2880295754772437,0.5216077815956075,0.38798635549859894,0.45,0.4541666666660721,0.306547619047619,0.05268049496929525,0.05684785843867482,,,,,,,0.0014749407647783011,PCA,17
0.06810821210508021,-2.6866574841823887,-0.04491417703516887,0.2546277814530857,0.25042422752411597,0.18333333333333335,0.2547619047615651,0.15416666666666667,0.5932637040989813,0.6056747596093256,,,,,,,0.004638728556150591,NMF,17
0.039021381247122976,-3.2436455459738314,0.10656026045884581,0.4360597182728612,0.3835894533120068,0.5083333333333333,0.4245633593455797,0.32763157894736844,-0.05029772811984989,-0.0429087049697241,,,,,,,0.0015162697221377886,SpatialPCA,17
0.031116271939706733,-3.4700243831300113,0.21415288875613625,0.5855957151879827,0.5814025448352973,0.65,0.6141247379449544,0.4954081632653062,0.5485028591073468,0.5289194273533916,,,,,,,0.0009630070607525805,Popari,17
0.03717666536502547,-3.2920739896561177,0.07982156401737717,0.5709084786134253,0.5875269136449947,0.75,0.6565346083783147,0.5629310344827587,0.40869261022051745,0.38900569646033434,,,,,,,0.001389830472477555,STAMP,17
0.035307837660075614,-3.3436503096574346,0.320151902521124,0.4245081175312243,0.3930729116324354,0.45833333333333337,0.2962213225368407,0.19823232323232323,0.4796457458509728,0.47330117230732727,,,,,,,0.0012564949638958942,MEFISTO,17
0.009850438173843512,-4.620239340133389,0.7959837749487171,0.8829449052933956,0.8287685120071863,1.0,0.9356060606053973,0.886904761904762,0.9714122540656874,0.9686644958031498,6.302837274273296,1.8409998930111728,3.7261425492211133,1.31537352942426,0.028907028247398076,-3.5436705214786293,9.703113221671352e-05,stGP,18
0.040481290213885066,-3.2069153816382014,0.15286219883595187,0.5495097599517433,0.5018239268758911,0.625,0.6263888888882614,0.5027777777777778,0.061004666752969894,0.06394724351816047,,,,,,,0.001638734857380787,PCA,18
0.06741414511164068,-2.6969004149578772,-0.021152464492785628,0.2780622472368289,0.28008590407688616,0.20833333333333331,0.2976190476187259,0.19166666666666665,0.551731005573319,0.5470977301148466,,,,,,,0.004544666961133345,NMF,18
0.027390504858805734,-3.5975588636460714,0.25686648253233435,0.6385793137782233,0.48982407763260827,0.5,0.6549145299139247,0.5055555555555555,0.04322700237691934,0.04645455054929981,,,,,,,0.0007595328173705031,SpatialPCA,18
0.025302068758807437,-3.6768691174687516,0.22685255456849074,0.6678957203806972,0.6723035129679389,0.7083333333333334,0.7267676767671212,0.6727564102564102,0.4772083739803574,0.46996074708452096,,,,,,,0.0006235298031407987,Popari,18
0.04343565606017483,-3.1364746069714116,-0.02092929550578293,0.332372682117662,0.38352045073563024,0.5,0.49281905744712234,0.42542735042735047,0.24150201626349133,0.21609083932629058,,,,,,,0.0018808855178012191,STAMP,18
0.03384788675301383,-3.3858787113211544,0.31144603407970206,0.42030272404966795,0.4239590880892633,0.41666666666666663,0.4836637047159672,0.4178113553113553,0.35222261012626666,0.3419697827363644,,,,,,,0.0011600719870032486,MEFISTO,18
0.009643627164760272,-4.6414579792238495,0.8229876435906993,0.8729960173238454,0.799168311860464,0.95,0.8613247863241339,0.7595238095238096,0.9542525429471194,0.9583154941261965,2.4977857968525803,0.9154046581678016,3.3577448013418576,1.211269558549385,0.036832263023619666,-3.3013811052969078,9.299954489290224e-05,stGP,19
0.032003809196549556,-3.441900345874625,0.565438089006609,0.6345003371705614,0.5224375504780794,0.5357142857142857,0.5736111111105161,0.4119047619047619,0.008365001606934597,-0.013131214979133637,,,,,,,0.0010242438030891499,PCA,19
0.06886061126756254,-2.6756709441497515,-0.013774978248779268,0.27811529946162417,0.280331180150438,0.13571428571428573,0.2714285714282498,0.16666666666666666,0.7220339299303029,0.7154239268364718,,,,,,,0.00474178378414236,NMF,19
0.021157287943096802,-3.8557708492471856,0.6345153056039536,0.7272634264798086,0.6224765850290472,0.7285714285714285,0.5984848484843149,0.450187969924812,0.3378086365257129,0.33256858367413467,,,,,,,0.00043461253552294464,SpatialPCA,19
0.025925129675080375,-3.652542522947315,0.24722332591515683,0.6746682158804782,0.6983984693578271,0.75,0.7004870129864392,0.6275641025641026,0.7082525900613476,0.707304630217966,,,,,,,0.000662034958998349,Popari,19
0.04226263129823934,-3.1638520042214746,0.0565533235009138,0.48037816066225575,0.5384272470309592,0.7857142857142857,0.6565434565428888,0.5432808716707022,0.27619569035680885,0.2693197332353157,,,,,,,0.0017949611936173395,STAMP,19
0.024262406674544372,-3.7188271769840764,0.31295788935006597,0.587069609775359,0.5277595727408803,0.7,0.4406781943543053,0.34374502309284916,0.6709548261108059,0.6496574229604238,,,,,,,0.0005819878313012758,MEFISTO,19
0.010936114460184318,-4.515684713248736,0.7429716799291652,0.8677437010860196,0.8410447160446457,1.0,0.9999999999993452,1.0,0.9589512537380358,0.9606086598758132,6.235436004614256,1.8302485052539528,4.9625410178280704,1.601917911536443,0.03066531223880073,-3.4846231577026217,0.00011959859948625251,stGP,20
0.03224214499191831,-3.4344808315494735,0.3042696747519892,0.5737625708577705,0.4780112574983601,0.6026785714285714,0.5923076923071002,0.43839285714285714,0.5778123276213473,0.5500820161326081,,,,,,,0.001039553936682322,PCA,20
0.05602551393729866,-2.881948085980708,-0.25570899852100615,0.21730785848720424,0.19960628014192763,0.14285714285714285,0.24999999999974995,0.16666666666666666,0.4916812113251523,0.4704116078794991,,,,,,,0.0031388582119384455,NMF,20
0.025071166734024337,-3.686036828843214,0.24599342714729988,0.624258393053773,0.5411647565921693,0.6875,0.6776785714279902,0.5359848484848484,0.003777234536732149,-0.014872857358065539,,,,,,,0.0006352271336779506,SpatialPCA,20
0.027137036072983834,-3.606855839345916,0.17384425486791988,0.5958200651789696,0.5831965225796131,0.6785714285714286,0.6373604465704434,0.5307726864330639,0.4446837493039486,0.3814915442976118,,,,,,,0.0007180920901529049,Popari,20
0.03828244172608867,-3.2627639284836407,0.019830258559580316,0.3714915929326199,0.3987703072799891,0.5535714285714286,0.439779364048916,0.33161122311827956,0.24547945862198833,0.21108403699958941,,,,,,,0.0014662602238867568,STAMP,20
0.0377391832978497,-3.277056379502444,0.2524027140696621,0.12412707693945932,0.1814131515587484,0.4955357142857143,0.12502056371998532,0.06667915417915417,0.30095147216210355,0.31416336431923947,,,,,,,0.0013601222365202197,MEFISTO,20
0.011477991175505825,-4.467323888114364,0.7855693730367179,0.8683753519490991,0.8177638414911234,1.0,0.893939393938746,0.8154761904761906,0.9571863881087358,0.9770501071980655,5.483074905125807,1.7016660576683384,4.428372083465623,1.4880320410057106,0.03525815091732942,-3.3450585447564993,0.00013174428142498956,stGP,21
0.03116437005565835,-3.468479822124446,0.4285912812764604,0.6110669108916987,0.5412411281038768,0.5654761904761905,0.6517482517476468,0.5020833333333333,-0.5091445970001265,-0.5059517561948995,,,,,,,0.0009743607831611998,PCA,21
0.0669197411605289,-2.704261270765063,-0.26587293926867495,0.1582630718943939,0.1683602801472154,0.10714285714285714,0.19642857142836476,0.125,0.42217866222677686,0.42821295246703567,,,,,,,0.004478251756992185,NMF,21
0.03609452259838196,-3.321614153731924,0.11557531393982201,0.5420128607639636,0.4751962463159527,0.5595238095238095,0.6279137529132799,0.543154761904762,0.1385643396555859,0.15620136605411342,,,,,,,0.001291320608423479,SpatialPCA,21
0.02747202082608703,-3.594587216743182,0.19855024343158845,0.6521140883344627,0.6366678490712923,0.7083333333333334,0.7045454545449152,0.6394230769230769,0.4386616884275264,0.4337429858577615,,,,,,,0.0007386591525968691,Popari,21
0.03259302602408863,-3.423656939136282,0.14888384747175865,0.5450219889144395,0.5344314380937585,0.625,0.5049656226122744,0.44347319347319347,0.24743487928026803,0.24449765214386457,,,,,,,0.0010578119342100323,STAMP,21
0.03418294481346232,-3.3760284489654686,0.3105412991419003,0.47726282374954326,0.48441059514198614,0.5,0.4812078272600886,0.41483516483516486,0.3444667164201502,0.34012302505625813,,,,,,,0.0011729633836136358,MEFISTO,21
0.009231457604032368,-4.68513832267194,0.7874771436473408,0.8925125706368278,0.8563346689296946,1.0,0.999999999999331,1.0,0.9649347069505178,0.9727464766255463,6.149257070935633,1.81633127304746,3.8940195535541373,1.3594419283945491,0.0318297396692763,-3.4473542165064925,8.521980949504701e-05,stGP,22
0.029728471741789747,-3.5156500478749675,0.39761027326625953,0.6275037264423149,0.5565854222338273,0.6800595238095238,0.7124320124313828,0.5715277777777777,-0.3655501907249163,-0.36338888149826887,,,,,,,0.0008837820321023915,PCA,22
0.06983695689465715,-2.661591940927919,-0.2514493160903981,0.1390245142533602,0.15600315901047707,0.11458333333333333,0.14583333333316578,0.08571428571428572,0.502508374127485,0.4932628651208038,,,,,,,0.0048772005483062,NMF,22
0.017463044172464037,-4.047668392538764,0.5640923408821498,0.786570958047203,0.6626868764916325,0.7514880952380952,0.8084693084686697,0.6895833333333333,-0.001296037999793831,0.020254694593613592,,,,,,,0.0003106778883117204,SpatialPCA,22
0.0239623108332082,-3.731273064926012,0.2501526019481505,0.6471982454451455,0.6436695207308117,0.6830357142857143,0.7579365079359587,0.7192307692307692,0.4271453245804263,0.4107230655590445,,,,,,,0.0005783851500338694,Popari,22
0.02735870955035028,-3.59872035289749,0.18629436675978794,0.5790089465047396,0.552517554201978,0.636904761904762,0.5603046485394948,0.4755051045905619,0.31879847609357825,0.2967054064225008,,,,,,,0.0007566409869463847,STAMP,22
0.02274311940364338,-3.783492623126422,0.30894719019917916,0.6428160026150621,0.6114334081906383,0.7142857142857143,0.5551226790447015,0.5045372866127583,0.5185347104363076,0.5254789468444072,,,,,,,0.0005223008819230571,MEFISTO,22
0.005909254333838361,-5.131235625771581,0.8590861458165905,0.9281478505766677,0.8868120304973665,1.0,0.9450549450542939,0.9017857142857143,0.9704490278984536,0.9804590106772177,3.930345729504339,1.3687273938959263,3.7513069834118813,1.3221043081700625,0.034312760495686045,-3.372237967881503,3.491928678198744e-05,stGP,23
0.024885735042051892,-3.6934605295530165,0.5473136754265866,0.6722504972911649,0.5858062233212447,0.699404761904762,0.6735209235203109,0.5263888888888889,-0.09001120372582858,-0.07915119947836077,,,,,,,0.0006192998085832093,PCA,23
0.07348964323598409,-2.610610791045819,-0.058296298514742606,0.2190246999091067,0.2413491287998117,0.10863095238095237,0.21726190476165558,0.12738095238095237,0.5740827658252294,0.5758072896299319,,,,,,,0.005400727662952222,NMF,23
0.01760738329444552,-4.039436959539583,0.5109697625933284,0.7687227291542259,0.6742030209109693,0.7708333333333334,0.851304945054312,0.765422077922078,-0.17217510447432394,-0.19924104289777378,,,,,,,0.00031159322207578775,SpatialPCA,23
0.021690883438189652,-3.8308632247658148,0.25219455417498926,0.6863783767509368,0.6738056168487945,0.75,0.770376175548042,0.7319182389937107,0.6066962288086866,0.6066488194638545,,,,,,,0.00045861745052726147,Popari,23
0.032198197353115174,-3.435844810821381,0.019807224189815398,0.4256846994213829,0.4409875637369549,0.5297619047619048,0.5116666666662549,0.45684523809523814,0.2355317655529394,0.2110178753399826,,,,,,,0.00103476860162849,STAMP,23
0.030320899222073417,-3.4959180609276483,0.3746700980253095,0.4793478067600785,0.48356621064737737,0.5,0.5356907894733126,0.49637515262515264,0.4283536876831379,0.43822020335551537,,,,,,,0.0009297124887025306,MEFISTO,23
0.016521853325488348,-4.103071330408868,0.8048307164537919,0.806832700008265,0.7234314061461748,0.9285714285714286,0.8201298701292412,0.7013888888888888,0.9265395254438773,0.9228731804925818,4.607207908509287,1.5276220137632208,3.098728405141325,1.130991835449499,0.03416655200441571,-3.376508125045736,0.0002729716373089504,stGP,24
0.03903366477340342,-3.2433308058767305,0.07755520346463052,0.5191881081812643,0.4020744441738966,0.5089285714285714,0.45876623376564263,0.3013888888888889,-0.3375689122331488,-0.3150955518111801,,,,,,,0.001523626985642435,PCA,24
0.06525053799681321,-2.729520987651437,-0.0039768287722901086,0.288319508326371,0.2841417180112721,0.22767857142857142,0.30779220779186567,0.19791666666666666,0.5788457206676154,0.5479993227920337,,,,,,,0.0042576327088735665,NMF,24
0.031651203547801654,-3.4529791043281697,0.15165127020826574,0.5433649601073193,0.4451894703204587,0.613095238095238,0.5803454715213716,0.43601398601398605,-0.34562406116662453,-0.3418257581473638,,,,,,,0.0009951846353877442,SpatialPCA,24
0.024583347636932467,-3.705685990589166,0.2013221145794698,0.6533407592074227,0.6308127677402333,0.6785714285714286,0.629807692307162,0.5496843434343435,0.516841820704349,0.4789222844804733,,,,,,,0.0005846115457099419,Popari,24
0.03969863272402105,-3.226438532083051,-0.12999096306930946,0.37115803212013976,0.3637913803912022,0.5357142857142857,0.433025911286371,0.34977401630627436,0.3529545757025094,0.36452850936875986,,,,,,,0.001565441553053575,STAMP,24
0.03517020958702649,-3.347555873258202,0.19020507041124501,0.38852362046327665,0.3574012236654961,0.3794642857142857,0.40164734753513215,0.3191126078222853,0.43171712376596544,0.4237464937532873,,,,,,,0.001248479542911786,MEFISTO,24
0.011813051085062557,-4.438550334546771,0.7293946305939321,0.8542459004140539,0.8339972885916886,1.0,0.9580419580412912,0.9226190476190477,0.9638791106270563,0.97097227338219,6.416344897343883,1.8588486249398517,4.171340771203539,1.4282375119982589,0.0329396519053779,-3.4130781218240624,0.00013954817593829765,stGP,25
0.03493905447844275,-3.3541500359348126,0.3794404506541734,0.6279380471361593,0.6303685483683066,0.7738095238095238,0.7763888888882438,0.6416666666666666,0.3831362782321169,0.38494637044465424,,,,,,,0.0012207375278475902,PCA,25
0.07154163395477964,-2.637475705675163,-0.14367574960221408,0.18753346965083184,0.18821519493403113,0.1607142857142857,0.2456709956706763,0.14722222222222223,0.609352485468825,0.6033241297541664,,,,,,,0.005118205388919676,NMF,25
0.015924250963631804,-4.139912113880852,0.6468269422142505,0.8226816748307506,0.7776302487512634,0.9226190476190477,0.7984848484841985,0.6845238095238095,-0.3323065015213857,-0.3349527767709487,,,,,,,0.0002535817687527285,SpatialPCA,25
0.02526342931464811,-3.678397410599533,0.199467641130476,0.635732271994575,0.6730694996905018,0.75,0.7173520923515306,0.6675925925925926,0.5021810270210032,0.503640528412774,,,,,,,0.0006181065184960537,Popari,25
0.029635552841986473,-3.5187805288805203,0.17538837818302833,0.5427334226431196,0.5419320309144405,0.7023809523809524,0.5590780998385159,0.4722027972027972,0.35296370341758776,0.33428799916232205,,,,,,,0.0008752659555867242,STAMP,25
0.029465184035431583,-3.5245459148121703,0.16673230184984122,0.4732315710596174,0.48654688203250473,0.7440476190476191,0.5158991228066392,0.4591269841269841,0.4868265104145707,0.4792293865583295,,,,,,,0.0008271918453445098,MEFISTO,25
0.008314739583714925,-4.789725485683383,0.8021663604959554,0.8992460099219723,0.8338318954743231,1.0,0.9807692307685543,0.9642857142857143,0.9658963067012871,0.9688724993865379,6.1939798789669265,1.8235778330741375,4.019576396961532,1.3911765231885451,0.0336142973342336,-3.392803786619386,6.913489434499584e-05,stGP,26
0.03429782627166173,-3.372673300822491,0.10126942577313147,0.5515105077062198,0.42387232443367734,0.5107142857142857,0.569696969696375,0.40625,-0.3407347861656811,-0.33493190806386597,,,,,,,0.0011763408869610895,PCA,26
0.05878721500020269,-2.8338308796886555,-0.03477661163240042,0.31907801265764246,0.3097391584272404,0.33214285714285713,0.3571428571424897,0.24166666666666667,0.6705782422158963,0.6529852032440717,,,,,,,0.003455936647480056,NMF,26
0.036644952106162025,-3.306479592573058,0.0816724751394744,0.42410605667463297,0.3741178744174499,0.4511904761904762,0.5539682539676929,0.4556149732620321,-0.18462973817680556,-0.1754882771082613,,,,,,,0.0013633490401902659,SpatialPCA,26
0.02263189698036616,-3.788394996938876,0.23984365589027778,0.6867280991932466,0.6933242920922749,0.7083333333333334,0.7485380116953438,0.7138888888888888,0.573061632690951,0.5370860735030023,,,,,,,0.0004947811270930861,Popari,26
0.028066160302523385,-3.573190688042504,0.1863285195386014,0.638487920453405,0.6187769680026003,0.75,0.7099673202608893,0.6441964285714286,0.40304247040294305,0.38164245517458706,,,,,,,0.0007853687685877687,STAMP,26
0.029694511420124105,-3.516793050920453,0.36008148742588053,0.45718206743203627,0.45773554366639685,0.5416666666666666,0.3856907894733872,0.3276251526251526,0.21062430468669344,0.19900251580962047,,,,,,,0.0008820882060809564,MEFISTO,26
0.007276236132936908,-4.923141565178199,0.8405565042068629,0.9124370571691847,0.8505947760124963,1.0,0.9772727272720453,0.9583333333333334,0.9709192134586055,0.9759281267860112,3.7287606130444666,1.316075903116848,3.641843038731203,1.29248988282897,0.031184450764261823,-3.467835681336097,5.2943612262256646e-05,stGP,27
0.0269421254817286,-3.614064214240228,0.3905905548272508,0.695697825120245,0.6136944345166888,0.75,0.7055555555549144,0.5571428571428572,-0.06233778509151018,-0.051203958396937074,,,,,,,0.0007258781254732092,PCA,27
0.07538779072522887,-2.585109943800876,-0.08897096126415471,0.20925729477623414,0.2345594980614083,0.125,0.23809523809496197,0.14166666666666666,0.7477848315770772,0.759307142215037,,,,,,,0.0056833189904309045,NMF,27
0.029342189926516313,-3.5287288694304664,0.17955227099092452,0.6234417496189526,0.5427602019586797,0.6666666666666666,0.6865079365074356,0.6375,0.18717187438324948,0.18545563992567302,,,,,,,0.0008466640480521906,SpatialPCA,27
0.023895668447038925,-3.734058072995564,0.23973360888585826,0.6957944494574035,0.6813656494068869,0.75,0.7323232323226836,0.6813725490196079,0.6939817599624757,0.71952339988727,,,,,,,0.0005587664616227401,Popari,27
0.02706973875757293,-3.6093388260278023,0.2246743950513579,0.6232332867783894,0.6036533087957474,0.7916666666666666,0.7209235209229738,0.6695273631840796,0.38351024168902914,0.39130821636495505,,,,,,,0.0007199904273961648,STAMP,27
0.022922315209831314,-3.7756443795916868,0.2919939940930162,0.6736651591612784,0.6088546218589969,0.75,0.7154183535757318,0.6567460317460317,0.5888660964088627,0.5872324378565975,,,,,,,0.0005315588451154865,MEFISTO,27
0.00711097183965656,-4.94611635819877,0.8236463220453857,0.9109191172566724,0.8591559553815603,1.0,0.9330357142850522,0.8819444444444444,0.9566162985429175,0.963970210693047,4.699902049637882,1.5475416679962684,4.378676418092639,1.476746491070384,0.029851384760995414,-3.511524049566426,5.0565920504388595e-05,stGP,28
0.033739467587305956,-3.389086981855269,0.25699643342299006,0.6105929232557826,0.4888931029363233,0.571031746031746,0.6780303030296855,0.5520833333333333,-0.17572071349088303,-0.15008465928215164,,,,,,,0.0011383516730748692,PCA,28
0.05893091772364181,-2.8313894071390013,-0.014533356759552252,0.32382732919903723,0.3055031434692781,0.22946428571428573,0.34920634920598975,0.23809523809523808,0.6158169113724404,0.6162182587644565,,,,,,,0.0034728530637506403,NMF,28
0.02070177079364561,-3.8775360367828844,0.6086315970866177,0.7398695585269861,0.651510254433622,0.771329365079365,0.8095238095231743,0.7013888888888888,0.027751472908457586,0.03400252982127287,,,,,,,0.00042856331399263834,SpatialPCA,28
0.02060222997767587,-3.8823559577018667,0.23739017924007488,0.6800326833635575,0.6690036648466238,0.7142857142857143,0.7606735369887517,0.70203081232493,0.5248908407867272,0.5247586313070876,,,,,,,0.0004041924615632988,Popari,28
0.031540266479433796,-3.4564902485471793,0.08486709976629225,0.48678486847492064,0.5195403446490207,0.6840277777777778,0.5979891956778005,0.5547249907715025,0.1903409802699249,0.18095872595554513,,,,,,,0.00099209201021915,STAMP,28
0.025975990645976613,-3.65058260428419,0.3897589426032907,0.4851074981230641,0.46447074975406893,0.6458333333333334,0.5196861721158113,0.4500345065562457,0.4083742334273633,0.4180448342096393,,,,,,,0.0006499455548230259,MEFISTO,28
0.0077975163667567595,-4.853950010509622,0.8726166166872773,0.9179701721226353,0.8325586773412705,1.0,0.9545454545447614,0.9166666666666667,0.9567013565053238,0.9793474588711489,3.453076082760208,1.2392654519792492,3.4196908190820103,1.2295501432106561,0.036455216265798035,-3.31167072333706,6.080126148983953e-05,stGP,29
0.02945486612580429,-3.5248961490602584,0.6307535709431696,0.6905184356594161,0.5890683219665436,0.6666666666666666,0.6684523809517277,0.525,-0.09703557040843255,-0.06647975863970756,,,,,,,0.0008675891384890529,PCA,29
0.05879953652520922,-2.8336213063329536,0.06473462778080374,0.33789217555939755,0.2947572987353698,0.14583333333333331,0.2458333333329833,0.14821428571428572,0.8394129420084746,0.8298195092694387,,,,,,,0.0034573854955794133,NMF,29
0.035111231090123235,-3.3492342256135195,0.35455623010086235,0.5616628211084811,0.4700313960652093,0.5625,0.5970279720273901,0.43105158730158727,0.09944950517320143,0.09865772124436112,,,,,,,0.001233421632511997,SpatialPCA,29
0.02684440217282226,-3.617697964946849,0.2674007976514826,0.7087650027050121,0.726329375104992,0.75,0.7946428571422773,0.7745098039215687,0.631958157142893,0.6548435436954291,,,,,,,0.000721984326181002,Popari,29
0.04121451142287233,-3.188964865639452,0.10071766567295404,0.5420995426857456,0.5694055252780359,0.7916666666666666,0.6478174603169023,0.5499999999999999,0.2828869837681998,0.28669067399291875,,,,,,,0.001705284845595882,STAMP,29
0.02805985380221789,-3.573415414506075,0.29188513202816235,0.6607838182662349,0.6052251026061725,0.75,0.66093117408856,0.5763888888888888,0.4639493423960412,0.4682067707973038,,,,,,,0.0007925546642024035,MEFISTO,29
0.012645023723995381,-4.37049152270575,0.7498905880955228,0.8510848120756789,0.8067945220905608,1.0,0.8994949494942797,0.825,0.9664700756186234,0.9749904495001698,5.266202661423846,1.6613095452222841,4.399611810026858,1.481516312038266,0.03476153176282443,-3.3592439127312215,0.000159896624980406,stGP,30
0.032286418272649636,-3.4331086240978106,0.5658582930939752,0.6794951627806086,0.6133741987176037,0.7559523809523809,0.6944444444438006,0.55,-0.3023624387392005,-0.290911018377908,,,,,,,0.0010424128048764844,PCA,30
0.061671563095273794,-2.785932344179077,-0.043201606180186536,0.25734665253009137,0.245401477115817,0.1607142857142857,0.21212121212088542,0.125,0.657845422213687,0.672155305222981,,,,,,,0.0038033816946143363,NMF,30
0.01993758733339036,-3.91514851808853,0.5765387237233681,0.7615802300493251,0.668514486527912,0.7976190476190476,0.7972222222215802,0.6702380952380952,0.6827456070854047,0.6874984225632568,,,,,,,0.00039750738867656767,SpatialPCA,30
0.029594475193255854,-3.520167583949683,0.23166285681441,0.6190235627581777,0.6424216006191613,0.7083333333333334,0.6869949494944112,0.6144230769230768,0.6067817019721168,0.6100879297037969,,,,,,,0.0008727743111334316,Popari,30
0.04923947066805663,-3.0110597277631337,-0.09054584466594484,0.35319319836684665,0.41760838300216785,0.6011904761904762,0.5281473269273744,0.44662698412698415,0.29617028874975276,0.31091203614119545,,,,,,,0.0024465072519583683,STAMP,30
0.03421828492865648,-3.3749951307496433,0.3513290253842932,0.4019594486317604,0.3652417632286954,0.45238095238095244,0.4062926213853585,0.30609737484737487,0.03528216178979415,0.024103574675627758,,,,,,,0.0011806156684922861,MEFISTO,30
0.020767392672743308,-3.8743711823037272,0.8397439234505631,0.7726063530861932,0.6948751806128002,0.7833333333333333,0.8346153846147562,0.7420634920634921,0.908250710544121,0.9103241864716478,6.959275938791452,1.9400754371518096,2.4076190499447447,0.8786383130811529,0.03741919103367028,-3.285571576924921,0.0004312845984239125,stGP,31
0.02478068715163912,-3.6976906730752526,0.4328756603287621,0.7220416205833431,0.6231232489159457,0.7238095238095238,0.8661616161609377,0.7833333333333334,-0.0670702324917798,-0.06364187459636056,,,,,,,0.0006140824557074122,PCA,31
0.06524863614668101,-2.729550134964358,-0.07331935732645145,0.2346586446083529,0.22075924963177593,0.15714285714285714,0.2666666666662897,0.16856060606060608,0.5587964704011255,0.5554911455078455,,,,,,,0.004257384519001966,NMF,31
0.035324714512071836,-3.3431724321973006,0.21399248845539953,0.5680616542419474,0.5053919106163147,0.6761904761904762,0.6207070707064892,0.49563492063492065,0.5088760133589986,0.517485757248973,,,,,,,0.001242492396546762,SpatialPCA,31
0.029742414772886843,-3.515181145117006,0.2337739957547217,0.6893654066942763,0.6901919417154916,0.7142857142857143,0.7777777777772139,0.7647058823529411,0.5366668732660353,0.5171475412700348,,,,,,,0.0008694571376333343,Popari,31
0.04508638328536217,-3.099175000780587,-0.05553974351789548,0.3865383227574124,0.37580768654533125,0.5571428571428572,0.41664756811774584,0.3223103509393832,0.155238534709408,0.13468160949908095,,,,,,,0.0020391548284895435,STAMP,31
0.03538948448874111,-3.341340551310652,0.31723653782162164,0.4455406365459992,0.4296131975138897,0.41428571428571426,0.4836022347531694,0.41222527472527476,0.4680897954539102,0.4607184290720858,,,,,,,0.0012589910946484283,MEFISTO,31
0.0077031821992071614,-4.866121762871802,0.8411040718746621,0.9067230065986343,0.8509327219116034,1.0,0.9128787878781225,0.8452380952380953,0.9629329839833005,0.9752651757328695,3.38312589319304,1.2188001025832704,4.031461113676343,1.3941288694747767,0.031702607810649264,-3.451356336162342,5.933901599418207e-05,stGP,32
0.031073431514149593,-3.471402117061976,0.41222364545198265,0.5955951801412692,0.4909712561515269,0.636904761904762,0.6530303030296815,0.49255952380952384,-0.31403612686308213,-0.3163218771940298,,,,,,,0.000965558146064545,PCA,32
0.06438947586554937,-2.742805077462855,-0.2392120811084475,0.1616361515552185,0.15711077153100014,0.07738095238095238,0.14285714285693876,0.08333333333333333,0.24243449941414036,0.2469414554937598,,,,,,,0.0041460046022401605,NMF,32
0.024011299795638416,-3.729230734619151,0.425920362614712,0.6935028766075589,0.6304023796217619,0.75,0.7046703296697232,0.5958333333333333,-0.253958605991903,-0.24903376116184087,,,,,,,0.0005765424587275631,SpatialPCA,32
0.02456989232518096,-3.7062334748281693,0.24561822330264116,0.6661335605928981,0.6939024347792289,0.75,0.7083333333327827,0.6432773109243697,0.5233927526875762,0.47741112631706706,,,,,,,0.0005922097591280551,Popari,32
0.0344663043395011,-3.367773118024759,-0.042824801199559115,0.4323571514591594,0.4595267568251411,0.5416666666666666,0.49315541657051837,0.44106554751393934,0.28279399494744517,0.2681291112843577,,,,,,,0.0011745038264642197,STAMP,32
0.02809019223517991,-3.5723347943443713,0.2910908490687404,0.526078965313308,0.5310582358821556,0.7083333333333334,0.530762429789506,0.4865900383141763,0.4508710797887468,0.4344962606388006,,,,,,,0.0007716867977181696,MEFISTO,32
0.023296967542054403,-3.7594320752902037,0.5514495613925181,0.682074371233814,0.563858905839332,0.6491071428571429,0.6991071428565525,0.5573863636363636,0.7553319531929085,0.7694257263448948,6.893697754361697,1.9306076252945576,3.703582462594124,1.3093005843483707,0.039135268311442206,-3.240731215700743,0.0005427486966555366,stGP,33
0.03580904071763993,-3.3295548834445405,0.17367894060178035,0.54845433899325,0.4649749362871114,0.5616071428571429,0.5270604395598474,0.38748473748473744,-0.22436875914626142,-0.19418301466702548,,,,,,,0.0012833810077374796,PCA,33
0.06911745448934101,-2.671947982575637,-0.017481884266972836,0.2579176756517372,0.2667577979166499,0.11696428571428572,0.21726190476165558,0.12738095238095237,0.774486281731995,0.755111711835441,,,,,,,0.004777222515086124,NMF,33
0.032716405450351746,-3.4198786311567444,0.25901312209792593,0.5384416180800915,0.47045711601881146,0.6767857142857143,0.5676923076917759,0.43200757575757576,0.0728319559943365,0.05035004622258284,,,,,,,0.0010486843768759422,SpatialPCA,33
0.033177652461435635,-3.405878748337209,0.25796064384725637,0.4829603005204536,0.5088471393027505,0.55,0.5061588411584211,0.4088819875776397,0.7912295228230816,0.7443999132283062,,,,,,,0.001090155944049943,Popari,33
0.032638591096915734,-3.4222599147407875,0.10568061343176971,0.5634355481602897,0.5733070849616144,0.78125,0.5487290487285446,0.4160562953995157,0.19951570164586688,0.15069519454043562,,,,,,,0.0010829726147410235,STAMP,33
0.038913963377469066,-3.2464021370479283,0.40096907595239883,0.26570269236478994,0.2907941899865595,0.25,0.2881714595765366,0.21358695652173912,0.23188450521165604,0.2446876961995293,,,,,,,0.0015248825047162772,MEFISTO,33
0.009347152674323518,-4.672683508869565,0.806639572812147,0.8912344658392366,0.8395954053643696,1.0,0.9772727272720328,0.9583333333333334,0.9650376517455466,0.9655205659744077,5.0899058468578495,1.6272593327209839,3.595617464117105,1.279715732785383,0.03602787324899043,-3.323462383191887,8.736926311711329e-05,stGP,34
0.02765526621690379,-3.587939109224794,0.517149577779223,0.6681968877214122,0.5547884625713458,0.4928571428571429,0.6970238095231617,0.5416666666666666,0.12510310364573402,0.13706875799916957,,,,,,,0.0007648137495278201,PCA,34
0.06391433757055906,-2.750211567640862,-0.00289773830747464,0.3321990701101167,0.3146260079817157,0.16904761904761906,0.3142857142853698,0.20416666666666666,0.6671980929176388,0.6525920997141105,,,,,,,0.0040850425470833765,NMF,34
0.03798931525293649,-3.2704503363478743,0.12140832689708436,0.4818053861126821,0.4030248092773694,0.4452380952380952,0.4692450824024172,0.3353174603174603,-0.03991030743501889,-0.03604215687662806,,,,,,,0.0014631837279919916,SpatialPCA,34
0.024443082517430804,-3.7114080267141567,0.24816677706728152,0.6727718587156509,0.6792296289750964,0.7142857142857143,0.7046897546891895,0.6469339622641509,0.5692369965299002,0.5422493909168945,,,,,,,0.0005896224821016847,Popari,34
0.031219598506495885,-3.4667092241154074,0.016129633083365236,0.4615127354040857,0.47594705143786753,0.5416666666666666,0.45763469707092685,0.3985294117647059,0.3104742501725127,0.30141882563664657,,,,,,,0.0009441994765827335,STAMP,34
0.030222275277990557,-3.499176034502154,0.36029635579698205,0.4630623223151847,0.4476826357010318,0.5,0.4666566985642237,0.3817460317460318,0.4659954372754447,0.46473071861251164,,,,,,,0.0009174103797774415,MEFISTO,34
0.009647543864906422,-4.641051917798761,0.7898380612307759,0.8949424624524273,0.8307641951445326,0.9642857142857143,0.9230769230762677,0.8705357142857143,0.9484061063198976,0.9652966942268296,5.332629030113751,1.673844367997726,4.232320097239476,1.44275032903956,0.03137450131658634,-3.4617597759485736,9.307510262529353e-05,stGP,35
0.030820591138898686,-3.4795722689075057,0.2719116219322547,0.635692754609183,0.5328692054104804,0.5595238095238095,0.5977564102558091,0.44545454545454544,0.19213547238655176,0.1994023363859005,,,,,,,0.0009499088381511602,PCA,35
0.06502798421923327,-2.732937575286678,-0.24810725344132867,0.1922703074728087,0.19802000944814507,0.15476190476190477,0.21428571428548976,0.14166666666666666,0.5296194811024855,0.5356028396693732,,,,,,,0.0042286387316168485,NMF,35
0.027109913721448265,-3.6078557980126558,0.34609579634127563,0.6364561096947561,0.5404449942766287,0.7023809523809523,0.6681547619041808,0.523953823953824,-0.1745291208621404,-0.17710772849911094,,,,,,,0.0007297377334962508,SpatialPCA,35
0.02755943659094664,-3.5914102760446736,0.2257715150582824,0.6528162584246118,0.6505054164559384,0.7083333333333334,0.7260101010095515,0.6535714285714286,0.46007324230549945,0.42711367495933383,,,,,,,0.0007516091923749279,Popari,35
0.029017319664808888,-3.539862397445421,0.2513267650892228,0.628081765585099,0.5990348014438448,0.7440476190476191,0.6981962481957049,0.6278606965174129,0.31477196050695966,0.28505824142505615,,,,,,,0.0008487436918880739,STAMP,35
0.03829637807647157,-3.2623999544612494,0.40395191327341295,0.2698745668362998,0.28981791731995016,0.3214285714285714,0.2756410256407881,0.20045289855072462,0.24448737104125587,0.2725397286688577,,,,,,,0.0014706697567753815,MEFISTO,35
0.009167429162918505,-4.692098385027811,0.789180837225249,0.897962387483461,0.8483832391767056,1.0,0.9580419580412997,0.9226190476190477,0.9732406079323292,0.9774998786077933,4.904157110414729,1.5900832353178609,3.660278203539596,1.2975391564205816,0.03480704375456764,-3.3579355059427396,8.404175745712868e-05,stGP,36
0.030796881626846698,-3.480341840009919,0.3533734066434552,0.6452871034789162,0.5635688182660131,0.6726190476190477,0.7478632478626203,0.60625,-0.0740728844477557,-0.07154058046745151,,,,,,,0.0009526491360758737,PCA,36
0.07551238415865603,-2.583458607586906,-0.13130522176908888,0.2059827275178757,0.24110550667447567,0.19047619047619047,0.28571428571397955,0.18333333333333332,0.6788835714062621,0.6673295933076252,,,,,,,0.005702120161324448,NMF,36
0.02524497788435943,-3.679128038712068,0.24729520425708607,0.6538958592327955,0.5412584191186021,0.6428571428571428,0.680769230768625,0.5732323232323232,0.07191262381779204,0.07671023990496695,,,,,,,0.0006376923229074664,SpatialPCA,36
0.023027663003759687,-3.7710590464705613,0.24669624735181517,0.7067086628192427,0.7195248070878444,0.75,0.7451298701293146,0.7175925925925927,0.6137954727835205,0.5947075619536064,,,,,,,0.0005144542339908674,Popari,36
0.026983520064538757,-3.6125289673082217,0.24527332740161156,0.5974511197399145,0.5800012478993777,0.75,0.6791666666661331,0.6061076604554866,0.35418802473673655,0.3416186075756404,,,,,,,0.0007198117212685301,STAMP,36
0.021962805014852444,-3.8184049375811835,0.3159788122411471,0.6864832743920579,0.6457135733586243,0.7857142857142857,0.5828598484844324,0.5457875457875457,0.4653221922499909,0.46515395451647745,,,,,,,0.0004846600532157337,MEFISTO,36
0.0101722535409023,-4.5880915063590955,0.7747133913282154,0.8928236691787804,0.8550834926370585,1.0,0.9307692307685559,0.8809523809523809,0.972186844905639,0.9741316314423348,5.540878267002211,1.7121530201441884,3.410664957663873,1.2269072745324285,0.02953558250314156,-3.5221595559477588,0.00010347474210039937,stGP,37
0.02767490350236447,-3.587229287209614,0.4898383919471717,0.6694753232050604,0.5577085858589687,0.53125,0.7026515151508813,0.5428571428571429,0.34062776011650986,0.32436033355619265,,,,,,,0.0007659002838651851,PCA,37
0.06543450494059369,-2.7267055611701014,-0.045474781719182955,0.28637124900732686,0.295448589956482,0.20833333333333331,0.3095238095234722,0.2,0.6786656018760017,0.6891621345868637,,,,,,,0.004281674436820577,NMF,37
0.023282275639011186,-3.760062910079568,0.4345770144835227,0.6874259524439083,0.5444060116490552,0.5729166666666666,0.7160256410250357,0.5674603174603174,0.5786052469281419,0.5560788634676589,,,,,,,0.0005420643589308938,SpatialPCA,37
0.022837305634440263,-3.7793598681214426,0.25421204365297845,0.6632577882874902,0.6841816962225489,0.75,0.7105263157888997,0.6240384615384617,0.6308549979995524,0.6530425944838322,,,,,,,0.0005168996370663974,Popari,37
0.03646378390275632,-3.311435732813934,0.15855836489357567,0.526197333583823,0.5368222350173282,0.7395833333333334,0.5388035282397027,0.48602941176470593,0.31301741922599047,0.2917919912733999,,,,,,,0.0013245654890073587,STAMP,37
0.03156305611900765,-3.4557679524896585,0.34895939471751003,0.45518886060261954,0.4596844998704749,0.45833333333333337,0.48253602218566066,0.40604395604395604,0.6050566465634005,0.6055651051631816,,,,,,,0.0010096587785146777,MEFISTO,37
0.007801452006854754,-4.853445407886263,0.8193158670118545,0.9035931381142475,0.8499841813010238,1.0,0.9580419580412997,0.9226190476190477,0.9759049237022273,0.976331126803617,4.29740053074129,1.4580103121643664,3.523808305851023,1.2595423098438152,0.0318475239247121,-3.4467956417532934,6.086265341525807e-05,stGP,38
0.024058547438344118,-3.7272649427292457,0.5227821040246342,0.7184625928392874,0.6544223874157936,0.7678571428571428,0.7673076923070583,0.6264880952380952,0.386458227552231,0.36202738375737376,,,,,,,0.0005788137048430541,PCA,38
0.07479733910535465,-2.5929729680922815,-0.15776802986249638,0.21523485308910828,0.23467342318844345,0.1845238095238095,0.25396825396797956,0.15476190476190477,0.6559199710997454,0.6458889905907865,,,,,,,0.0055946419372414164,NMF,38
0.011920589064575698,-4.429488200396869,0.7322787491056667,0.8786634456464043,0.8014785504294312,0.9285714285714286,0.9580419580412913,0.9226190476190477,0.32790314146472727,0.33040711529529465,,,,,,,0.0001421004436464817,SpatialPCA,38
0.02385099593340827,-3.7359293043054533,0.24411969437585035,0.680445919418476,0.6654417485090438,0.7142857142857143,0.7001054501049289,0.6248249299719888,0.49866771625535133,0.5031788243290699,,,,,,,0.0005578219703552056,Popari,38
0.02538901873929234,-3.673438531539272,0.3848842859033794,0.6410124985684723,0.6284958264864663,0.7559523809523809,0.7043269230764059,0.637202380952381,0.31830792767196847,0.3265259795354421,,,,,,,0.000653604335434178,STAMP,38
0.031682680890926636,-3.4519850915340475,0.31450441912008087,0.41607458667836017,0.4183591097732787,0.4285714285714286,0.4845942982452457,0.4247252747252747,0.707626176225248,0.6974174946731346,,,,,,,0.0010310479164046442,MEFISTO,38
0.00924986996748289,-4.683145785126029,0.8258463570474563,0.8888345756409367,0.7981210415321666,1.0,0.8910533910527345,0.8041666666666667,0.9471634432727263,0.96824442090943,5.865140506484684,1.769026438593362,3.994602734820805,1.384944133678151,0.029634617860555712,-3.5188120786945247,8.556009441534192e-05,stGP,39
0.03533289529002587,-3.342940871067127,0.5015405014266714,0.6122964573096201,0.4998752905251589,0.5702380952380952,0.6093975468969209,0.4785714285714286,-0.019224919817868766,-0.007062525030588518,,,,,,,0.0012484134895759322,PCA,39
0.06382881335505022,-2.7515505705958914,0.03668507439636437,0.3087466522190568,0.30097218932907266,0.225,0.2666666666663522,0.1625,0.5268248562719334,0.5336223019417514,,,,,,,0.004073702924408927,NMF,39
0.036615457308614915,-3.3072847968949097,-0.025611847698561174,0.5006392078039792,0.4369392431580443,0.46904761904761905,0.5126068376062711,0.39530075187969926,0.12233611516075085,0.13541285876573123,,,,,,,0.0013159173720143432,SpatialPCA,39
0.024405138765243087,-3.7129615637242153,0.2475459519819425,0.6771260897634459,0.6877280206469629,0.75,0.7506493506487669,0.7071078431372549,0.4495523572457696,0.44798903017106667,,,,,,,0.0005838785169496593,Popari,39
0.02508153518406462,-3.6856233536049334,0.33712131434967796,0.6582426949785924,0.6593921636133364,0.8214285714285714,0.7433489827850277,0.7110294117647058,0.3556989234106886,0.33712549881633264,,,,,,,0.0006175502713042586,STAMP,39
0.041987225883990766,-3.1703898525796954,0.31172771409780575,0.24991420116916738,0.2648791027340444,0.5,0.2505482456138153,0.16944444444444445,0.20309134784609995,0.23341887348972057,,,,,,,0.001714106867241581,MEFISTO,39
0.006319094473930113,-5.0641793605302885,0.8716678713418023,0.9291728480955143,0.8591825675454623,1.0,0.972222222221547,0.95,0.9629610374505082,0.95987348143305,5.129773516405633,1.6350615093592846,4.41643197326004,1.4853321242224389,0.03376381983084123,-3.388365469006839,3.993095497045409e-05,stGP,40
0.024816117799394667,-3.6962619256461537,0.5346425668247898,0.7057263979919246,0.5676969146668911,0.5845238095238094,0.6458333333327182,0.4833333333333333,-0.0848994823390758,-0.08081601620295936,,,,,,,0.0006158397026334327,PCA,40
0.06720713278473778,-2.6999758944557373,-0.042613575253254155,0.30309111696226254,0.2959674552564285,0.20625,0.3499999999996456,0.24821428571428572,0.7312070836851279,0.7067859066909221,,,,,,,0.004516798697145376,NMF,40
0.034848732606478014,-3.356738509539399,0.04484417363456228,0.4883662858563912,0.4084590909420563,0.47291666666666665,0.5525793650788124,0.43586956521739134,-0.5392253779899918,-0.5401778199906979,,,,,,,0.0012284962682058381,SpatialPCA,40
0.024710420871528253,-3.700530226689265,0.26588099989573755,0.6810530761420233,0.6953216670182728,0.75,0.7843406593400872,0.7442857142857143,0.6988373428988415,0.6636400405540733,,,,,,,0.0006129366420186445,Popari,40
0.04703379495535493,-3.0568888940553425,-0.022247044438305386,0.41383741140213615,0.4247727004784154,0.6583333333333333,0.4542464114828488,0.3392857142857143,0.28944161509291483,0.2669098980415015,,,,,,,0.0022217668025682072,STAMP,40
0.0330913720367101,-3.4084826941212674,0.34468656613053594,0.4742370816275578,0.45880644462081666,0.75,0.5131326563503698,0.4548611111111111,0.4303984902289361,0.42105869492199743,,,,,,,0.0010582865476739763,MEFISTO,40
0.04431675685965006,-3.1163924147699817,0.1308038667455007,0.3765922420283044,0.3418704090896115,0.475,0.42261904761854113,0.275,0.31929476832452064,0.2651136225032702,707101.4778992122,13.468929467675302,707101.1243450261,13.468928967670301,1699.5945228018095,7.438144985595907,0.00196397493855734,stGP,41
0.03596927007149177,-3.325090314182985,0.5842774127363758,0.6208968673789921,0.5146698860273196,0.5645833333333333,0.5778318903312742,0.4151785714285714,-0.3660207256919642,-0.3616888341789978,,,,,,,0.0012937883894759135,PCA,41
0.06934557646276919,-2.6686529199403446,-0.02324862426042329,0.28512271552888757,0.2844192315689561,0.20833333333333331,0.2708333333330095,0.16904761904761906,0.7539398184820878,0.7516608085717112,,,,,,,0.004808808974953769,NMF,41
0.028719747911371336,-3.550170312299851,0.5307041154213781,0.6394550462652782,0.5685235191588753,0.66875,0.6705128205122409,0.5307539682539683,0.33604292693761606,0.3360940838012924,,,,,,,0.0008272307091013307,SpatialPCA,41
0.0282312649491482,-3.567325229036658,0.24231216724327465,0.6768563758659787,0.7039202738658006,0.75,0.7171328671322896,0.6505602240896359,0.6509559435802538,0.6576944834965985,,,,,,,0.0007886927079397816,Popari,41
0.030432119892651637,-3.492256652936735,0.22695237673931734,0.6536935270316733,0.6879849171896717,0.8,0.781249999999419,0.7666666666666667,0.32826095680682665,0.32460609527609585,,,,,,,0.0009355381017897601,STAMP,41
0.02815071510223825,-3.5701825214424256,0.3022415697388592,0.6436330704155628,0.635845136359665,0.85,0.5461570593145444,0.4826388888888889,0.6888672197355218,0.6780337259081879,,,,,,,0.000775975411666615,MEFISTO,41
0.009898622355084326,-4.615359687576783,0.7784964813335415,0.8879265962317756,0.8428359386040429,1.0,0.9307692307685642,0.8809523809523809,0.9681178166307047,0.9747713552649075,5.882459652840377,1.7719749827501938,3.919931359219558,1.3660741432458883,0.03137055923800608,-3.4618854297785515,9.798272452857514e-05,stGP,42
0.03591988851969503,-3.3264641391249192,0.1829762759550998,0.5283047844277189,0.46167743350332807,0.5714285714285714,0.5670995670989782,0.4174603174603175,0.4389687533626412,0.4207014588416499,,,,,,,0.0012902383912673189,PCA,42
0.07304410292394972,-2.6166918706155236,-0.11182456333740731,0.24827280886476102,0.2572201043635429,0.2261904761904762,0.28571428571397955,0.18333333333333332,0.4813938556314293,0.4660021374472477,,,,,,,0.005335440971964556,NMF,42
0.0350417978371375,-3.351213706092678,0.13046803344715296,0.46881479706170814,0.40494235593596195,0.47023809523809523,0.5008498445993015,0.38409090909090915,-0.1933924321965875,-0.17763177215647008,,,,,,,0.0012206487177933063,SpatialPCA,42
0.02701049135614416,-3.6115299197050126,0.22707420180343652,0.6145176840645215,0.6311552796630439,0.7083333333333334,0.6986832611827152,0.6173669467787115,0.5144521907927603,0.5030450791294265,,,,,,,0.0007301396482480337,Popari,42
0.028944619840231615,-3.542370935404007,0.1594196571475165,0.5903965211616364,0.6007935407504219,0.7083333333333334,0.6049145299139947,0.5074776785714286,0.3954769205113727,0.3671902803289212,,,,,,,0.0008452266457600502,STAMP,42
0.030811877395452294,-3.4798550336161624,0.35039788825414975,0.4674070050068462,0.46791733058698537,0.5357142857142857,0.5156077475152617,0.4531746031746032,0.46962843995570885,0.45200056013796575,,,,,,,0.0009519976354272259,MEFISTO,42
0.008724861194802449,-4.741578719925357,0.8259291108449802,0.8949163822947803,0.8330190027373774,1.0,0.9188311688305075,0.8541666666666667,0.9531073251816145,0.9629526637063254,5.856877937578833,1.767616686456612,4.612480650514582,1.5287658143474578,0.029759435286768193,-3.5146090447763103,7.612320286856964e-05,stGP,43
0.02706467355907145,-3.609525960174069,0.5757950871345869,0.7065268629303456,0.6390957449854887,0.8145833333333334,0.773358585857943,0.6357142857142857,-0.20906681637393484,-0.19921404704920342,,,,,,,0.0007324965548591014,PCA,43
0.0625020018248516,-2.7725566935550794,0.0032940540238022287,0.2707223345934266,0.24968200759553646,0.14583333333333331,0.20138888888858555,0.11696428571428572,0.6363386452324233,0.6291258411326627,,,,,,,0.003906500232113754,NMF,43
0.020990968946977703,-3.863662983900716,0.48136902637716683,0.7635036081269193,0.7053065971327774,0.78125,0.713888888888262,0.575,-0.354338962899847,-0.343296119450788,,,,,,,0.00043968226212730944,SpatialPCA,43
0.02953816415672528,-3.5220721515174884,0.2280419530882909,0.5962710875887988,0.6226493397283359,0.6875,0.6462962962957775,0.5493197278911564,0.5540180538126608,0.5267298938926226,,,,,,,0.0008742722273440949,Popari,43
0.038621090658879406,-3.2539567616016765,-0.05231310918416021,0.40427722056728566,0.42957721136327887,0.51875,0.4373188405793544,0.3606227106227106,0.26778047757517165,0.2661046279688951,,,,,,,0.0014781617478995032,STAMP,43
0.03297215771815989,-3.4120917791457783,0.3455549272668488,0.4340662416325862,0.41060781635553456,0.46875,0.38482972136192206,0.2891636141636142,0.7674173774662776,0.760895055936743,,,,,,,0.0010983694009572037,MEFISTO,43
0.01079481338054308,-4.528689502747653,0.7536467559255497,0.883857249460418,0.8211424595417356,0.9642857142857143,0.8601190476183963,0.7660714285714286,0.954997055255708,0.9720336085990947,5.369489091767109,1.6807327627966313,3.3694472166964156,1.2147487002558888,0.03365464231165369,-3.3916042736652665,0.00011652799592075192,stGP,44
0.030904085062578426,-3.4768669011439997,0.4479301098383359,0.6610355587445658,0.5917112936061294,0.6797619047619048,0.6734848484842271,0.5178571428571428,0.2865946516508784,0.2899725280973191,,,,,,,0.000955062473555083,PCA,44
0.05397411037951543,-2.9192507848011093,0.0712326358158567,0.37576126815738375,0.3418407510813114,0.20476190476190476,0.34999999999962994,0.22916666666666663,0.5802724529849069,0.590307523118087,,,,,,,0.0029132045912601146,NMF,44
0.0284048301369733,-3.561196073030593,0.2503040740761885,0.6753172950737767,0.5967619152338846,0.7154761904761905,0.7321969696963688,0.5889880952380953,0.0023258971734927414,0.00793937640684761,,,,,,,0.0008084624559931391,SpatialPCA,44
0.024014892736929708,-3.729081110378355,0.2372793811327334,0.6597660575632269,0.6640091518578866,0.75,0.6678742310315687,0.5763888888888888,0.5052368411327592,0.5225289448521522,,,,,,,0.0005566546063681415,Popari,44
0.044658623268236955,-3.1087078599992273,-0.04234209499635733,0.42175122609439575,0.4645509400506154,0.6642857142857143,0.5262114229851468,0.4219791666666666,0.2555495267429417,0.26410803200602384,,,,,,,0.0019915290484487807,STAMP,44
0.03420970526449635,-3.375245895507774,0.33452333007455204,0.472245355840112,0.45417735918265834,0.5,0.5168123100300246,0.4652777777777778,0.3696390074073497,0.3372839478646523,,,,,,,0.0011734928896653834,MEFISTO,44
0.020278083029999398,-3.8982146298748965,0.6609363365485392,0.7500284402534971,0.6407556909915914,0.8011904761904762,0.782611832611208,0.6484126984126984,0.8833296655075225,0.8922525970682256,6.096142319912094,1.8076561645540938,3.5603151458494877,1.2698490650609355,0.03328023752498488,-3.402791525885582,0.0004112006513715496,stGP,45
0.04281408433179348,-3.150888157354342,0.08549342116990166,0.44910640110694333,0.39042843398369687,0.37142857142857144,0.4961038961034153,0.39285714285714285,0.18274786311810076,0.18189296824927928,,,,,,,0.0018330458171699237,PCA,45
0.062199631759657786,-2.7774061995172645,-0.18232065804451358,0.2152570180409355,0.20678912034656052,0.13571428571428573,0.17142857142836979,0.10416666666666666,0.07809255949294025,0.0722656131589749,,,,,,,0.0038687941910370287,NMF,45
0.03596342063834854,-3.325252950478066,0.11251036558395022,0.5216897517687178,0.4834824943172413,0.6285714285714286,0.6367053998627119,0.5456349206349206,-0.4596486616447021,-0.471953954261186,,,,,,,0.0013073724989447915,SpatialPCA,45
0.02563714299365768,-3.6637130808426543,0.21973663779350772,0.6530029881683774,0.6637272730166837,0.75,0.7094155844150118,0.6550925925925927,0.6153000845758193,0.613070263497478,,,,,,,0.0006349227741546404,Popari,45
0.03370076639170069,-3.390234700288915,-0.02644471956761385,0.45524528848935214,0.4433982813996321,0.45,0.5051039297610291,0.45877766599597586,0.20152791232850797,0.21311855326200202,,,,,,,0.0011213627263625722,STAMP,45
0.032864407974578014,-3.4153650312862043,0.3208510064694118,0.41459366366874956,0.38854085373711766,0.34285714285714286,0.42572055137808296,0.3303140096618357,0.5154446721456275,0.5315527711658574,,,,,,,0.001081224360766417,MEFISTO,45
0.011224501508060541,-4.489656255421398,0.7550169476266527,0.8677178972143123,0.8191257140662479,1.0,0.9353146853140198,0.880952380952381,0.9565745208836702,0.9770942125130175,5.130908604167821,1.63528275932171,4.061097622218638,1.4014532873757413,0.0324649633866026,-3.42759382080293,0.00012598943410445336,stGP,46
0.03316358359228503,-3.4063028848230026,0.4461866892224051,0.6382980462809358,0.6202818071690838,0.7452380952380953,0.7041666666660271,0.5488095238095239,0.07033679571948007,0.09515572017634291,,,,,,,0.001099823276682477,PCA,46
0.06443699953507166,-2.74206728390714,-0.0819375052352016,0.2192656700330295,0.21216521279339046,0.16904761904761906,0.2051282051278805,0.12083333333333333,0.5864562190836744,0.5829289938602572,,,,,,,0.004152126909082824,NMF,46
0.019770596746824215,-3.9235594577926234,0.5111065352257753,0.7941583858009134,0.7376105601599658,0.8785714285714286,0.874999999999341,0.8035714285714286,-0.012957311879207456,-0.016678073905923074,,,,,,,0.0003908763791961675,SpatialPCA,46
0.02628265126803892,-3.638846205064707,0.21173172434709364,0.6227086458815108,0.6361005401000708,0.7,0.7230639730634247,0.6762820512820513,0.5132848187509913,0.5099914313679859,,,,,,,0.0006765403252166091,Popari,46
0.032089165369717565,-3.439236833244497,0.10050665892525978,0.47015535689869214,0.4917006373067303,0.5916666666666667,0.44771225837983125,0.3585695006747638,0.27382311032275686,0.29585071683545744,,,,,,,0.0010203478451151484,STAMP,46
0.03243500363889597,-3.428517080126714,0.34350763935776507,0.469127296680155,0.4654900506399069,0.5,0.47771132376357955,0.40894582470669427,0.5288049457908567,0.5600160974077228,,,,,,,0.0010659913723671632,MEFISTO,46
0.012099587410456915,-4.414583925270148,0.7559734209886539,0.8649648398539744,0.815514159992434,1.0,0.911324786324119,0.8428571428571427,0.959289142806363,0.9745256041404495,4.927749246468949,1.5948823415090458,3.9539553637300626,1.374716435794989,0.031781127337183884,-3.448882645337719,0.00014640001550328746,stGP,47
0.029578546981271818,-3.5207059445668496,0.23223446480791965,0.6144468960659614,0.48927882857143673,0.6464285714285714,0.6155844155838152,0.4541666666666666,-0.16339467138627706,-0.16083792887664763,,,,,,,0.0008743031812425518,PCA,47
0.062288838838725234,-2.775973021104711,-0.0631649907622096,0.34656370559011906,0.35108850004539693,0.3488095238095238,0.4476190476186167,0.34464285714285714,0.4548596619690939,0.46524127451399033,,,,,,,0.0038798994438766854,NMF,47
0.025569149372872888,-3.6663687568388448,0.6261801402434605,0.5941977752742267,0.4855094454318108,0.6880952380952381,0.5714932126691379,0.4039432789432789,-0.11395850277696887,-0.11210256194482413,,,,,,,0.0006766466742286453,SpatialPCA,47
0.027725283301198205,-3.585410527540087,0.18941194984768195,0.603518596105473,0.5677864745745558,0.6785714285714286,0.6137566137560932,0.5235042735042735,0.4975287742496428,0.5013262720491649,,,,,,,0.000754953069423907,Popari,47
0.029335984297145158,-3.528940383489191,0.19632562554455002,0.6187152376066959,0.5946096147360216,0.6369047619047619,0.7266042780743324,0.6782051282051282,0.3461805169540499,0.34279923200660684,,,,,,,0.0008585794980266253,STAMP,47
0.026801513957967916,-3.6192969020919286,0.28330764803096853,0.6444687267724296,0.5930820447887059,0.75,0.5060804190739518,0.429507992007992,0.4497491865822594,0.443230761495831,,,,,,,0.0007236744987330834,MEFISTO,47
0.013311161501009946,-4.319152385092507,0.6927382485732156,0.8610768112979948,0.8021433208327508,0.9642857142857143,0.9058441558435069,0.8472222222222223,0.9586693737979519,0.9627742126967905,4.395586519222227,1.4806009737059187,4.438692476199053,1.4903598457316656,0.034013280953774955,-3.381004214349158,0.00017718702050596933,stGP,48
0.03601240449773597,-3.3238918304948686,0.30452863538437946,0.601463587248104,0.5867922452330394,0.7529761904761905,0.7083333333327031,0.5619047619047619,0.6847030273178175,0.6735104345900933,,,,,,,0.001296893277708554,PCA,48
0.06644513963925021,-2.7113786396243795,-0.06215621976347108,0.24707399625681933,0.25392228899230795,0.15416666666666667,0.2658730158726851,0.1630952380952381,0.635227901267608,0.625442476503482,,,,,,,0.004414956581679456,NMF,48
0.02265500500314678,-3.787374480022328,0.43504803102585976,0.7151652654569309,0.6966608039469551,0.8214285714285714,0.7671568627444706,0.7119047619047619,0.1347431049330647,0.12849711263550218,,,,,,,0.0005076019325920106,SpatialPCA,48
0.026422081281974652,-3.633555206231613,0.21133763937998096,0.6557476548001523,0.6864919850491984,0.75,0.738705738705182,0.6835164835164836,0.5827224930716726,0.5566112893675348,,,,,,,0.000677852927971808,Popari,48
0.02809973165903702,-3.5719952521884957,0.18650065806688754,0.6160392305935063,0.6421843240732543,0.75,0.7549627791557731,0.7269975786924939,0.3488117987669973,0.3191056401157172,,,,,,,0.0008015592752350597,STAMP,48
0.032209523761366425,-3.4354931011762635,0.29325560646760607,0.4582690774347704,0.44215055641655865,0.7857142857142857,0.49402412280665037,0.42494658119658124,0.3953343200443847,0.3940790527263489,,,,,,,0.0009978770568266002,MEFISTO,48
0.023921801816926862,-3.7329650259420255,0.5418573274376599,0.7308305021077571,0.6159084535145338,0.738095238095238,0.6955128205121631,0.6338383838383839,0.5551769009796458,0.5451877794190353,5.808674143875462,1.7593523423906094,4.45382089947326,1.4937623568621725,0.03006043232164468,-3.504545512803154,0.0005722526021683254,stGP,49
0.03618159643900314,-3.3192046750851145,0.17558316470266633,0.5625669306217023,0.5695598831538238,0.7023809523809524,0.6759615384608709,0.5875,0.13790322485502915,0.13527758731260028,,,,,,,0.0013084671069696235,PCA,49
0.07052031702368908,-2.6518544259479797,-0.010419865415504992,0.270966851641856,0.2757758041193924,0.19642857142857142,0.27976190476156965,0.175,0.46103518467042753,0.46505152055024634,,,,,,,0.004973115113121611,NMF,49
0.03172003197895766,-3.4508068740521374,0.1335433903806862,0.5527227733081367,0.5111193174449642,0.5773809523809523,0.6094738594732477,0.5164682539682539,0.0865288654410861,0.06892883497394874,,,,,,,0.0009917614451939757,SpatialPCA,49
0.024577733972947265,-3.705914368965954,0.22378574429528297,0.6753647612396011,0.6860841174030319,0.75,0.786363636363028,0.7696078431372549,0.49634392436118274,0.49029939954779644,,,,,,,0.0005935368860379375,Popari,49
0.03544928010018315,-3.339652333680351,-0.05041393406296946,0.47396946304771975,0.47809960497249193,0.5773809523809524,0.5147509578539389,0.47225705329153606,0.28351495705135155,0.29146646984154856,,,,,,,0.0012570488474874005,STAMP,49
0.03117927001507622,-3.468001827586923,0.34140309709459893,0.4613078650783782,0.4385918799067855,0.5773809523809524,0.3428431721192181,0.2997145011850894,0.5605279130644042,0.5621059051357269,,,,,,,0.0009644421062062328,MEFISTO,49
